USE `divsalud-bd`;

insert into `usuarios_sistema`(`ID`,`IDENTIFICACION`,`NOMBRES`,`APELLIDOS`,`LOGIN`,`CONTRASENA`,`REGISTRO`,`ACTIVO`,`CARGO`,`CELULAR`,`TELEFONO`,`EXTENSION`) values (7,'34544841','odontologo','odontologo','odontologo','8d969eef6ecad3c29a3a629280e686cf0c3f5d5a86aff3ca12020c923adc6c92','34544841',1,'ODONTOLOGIA','1','','');
insert into `usuarios_sistema`(`ID`,`IDENTIFICACION`,`NOMBRES`,`APELLIDOS`,`LOGIN`,`CONTRASENA`,`REGISTRO`,`ACTIVO`,`CARGO`,`CELULAR`,`TELEFONO`,`EXTENSION`) values (13,'31948952','Secretaria','secretaria','secretaria','8d969eef6ecad3c29a3a629280e686cf0c3f5d5a86aff3ca12020c923adc6c92','',1,'SECRETARIA','1','','');

insert into `estado_civil`(`ID`,`NOMBRE`) values (1,'SOLTERO');
insert into `estado_civil`(`ID`,`NOMBRE`) values (2,'CASADO');
insert into `estado_civil`(`ID`,`NOMBRE`) values (3,'UNION LIBRE');
insert into `estado_civil`(`ID`,`NOMBRE`) values (4,'DIVORSIADO');
insert into `estado_civil`(`ID`,`NOMBRE`) values (5,'VIUDO');

insert into `escolaridad`(`ID`,`NOMBRE`) values (5,'EDUCACIÓN PRIMARIA');
insert into `escolaridad`(`ID`,`NOMBRE`) values (6,'EDUCACIÓN SECUNDARIA');
insert into `escolaridad`(`ID`,`NOMBRE`) values (7,'CICLO COMPLEMENTARIO NORMAL SUPERIOR');
insert into `escolaridad`(`ID`,`NOMBRE`) values (8,'EDUCACION TECNICA PROFESIONAL');
insert into `escolaridad`(`ID`,`NOMBRE`) values (9,'EDUCACION TECNOLOGICA');
insert into `escolaridad`(`ID`,`NOMBRE`) values (10,'EDUCACION PROFESIONAL');
insert into `escolaridad`(`ID`,`NOMBRE`) values (11,'POSGRADO');

insert into `eps`(`ID`,`NOMBRE`) values (1,'NUEVA EPS');
insert into `eps`(`ID`,`NOMBRE`) values (2,'SALUD VIDA SA EPS');
insert into `eps`(`ID`,`NOMBRE`) values (3,'ASMET SALUD');
insert into `eps`(`ID`,`NOMBRE`) values (4,'COSMITET');

insert into `diagnosticocie10_odo`(`ID`,`NOMBRE`) values ('A422',' ACTINOMICOSIS CERVICOFACIAL');
insert into `diagnosticocie10_odo`(`ID`,`NOMBRE`) values ('B002',' GINGIVOESTOMATITIS Y FARINGOAMIGDALITIS HERPETICA');
insert into `diagnosticocie10_odo`(`ID`,`NOMBRE`) values ('B009',' INFECCION DEBIDA A EL VIRUS DEL HERPES, NO ESPECIFICADA');
insert into `diagnosticocie10_odo`(`ID`,`NOMBRE`) values ('B084',' ESTOMATITIS VESICULAR ENTEROVIRAL CON EXANTEMA');
insert into `diagnosticocie10_odo`(`ID`,`NOMBRE`) values ('B370 ','ESTOMATITIS CANDIDIASICA');
insert into `diagnosticocie10_odo`(`ID`,`NOMBRE`) values ('B378',' CANDIDIASIS DE OTROS SITIOS');
insert into `diagnosticocie10_odo`(`ID`,`NOMBRE`) values ('B99 ','OTRAS ENFERMEDADES INFECCIOSAS Y LAS NO ESPECIFICADAS');
insert into `diagnosticocie10_odo`(`ID`,`NOMBRE`) values ('C000',' TUMOR MALIGNO DEL LABIO SUPERIOR, CARA EXTERNA');
insert into `diagnosticocie10_odo`(`ID`,`NOMBRE`) values ('C001',' TUMOR MALIGNO DEL LABIO INFERIOR, CARA EXTERNA');
insert into `diagnosticocie10_odo`(`ID`,`NOMBRE`) values ('C002',' TUMOR MALIGNO DEL LABIO, CARA EXTERNA, SIN OTRA ESPECIFICACIÓN');
insert into `diagnosticocie10_odo`(`ID`,`NOMBRE`) values ('C003',' TUMOR MALIGNO DEL LABIO SUPERIOR, CARA INTERNA');
insert into `diagnosticocie10_odo`(`ID`,`NOMBRE`) values ('C004',' TUMOR MALIGNO DEL LABIO INFERIOR, CARA INTERNA');
insert into `diagnosticocie10_odo`(`ID`,`NOMBRE`) values ('C005',' TUMOR MALIGNO DEL LABIO, CARA INTERNA, SIN OTRA ESPECIFICACION');
insert into `diagnosticocie10_odo`(`ID`,`NOMBRE`) values ('C006',' TUMOR MALIGNO DE LA COMISURA LABIAL');
insert into `diagnosticocie10_odo`(`ID`,`NOMBRE`) values ('C008',' LESION DE SITIOS CONTIGUOS DEL LABIO');
insert into `diagnosticocie10_odo`(`ID`,`NOMBRE`) values ('C009',' TUMOR MALIGNO DEL LABIO, PARTE NO ESPECIFICADA');
insert into `diagnosticocie10_odo`(`ID`,`NOMBRE`) values ('C01 ','TUMOR MALIGNO DE LA BASE DE LA LENGUA');
insert into `diagnosticocie10_odo`(`ID`,`NOMBRE`) values ('C020',' TUMOR MALIGNO DE LA CARA DORSAL DE LA LENGUA');
insert into `diagnosticocie10_odo`(`ID`,`NOMBRE`) values ('C021',' TUMOR MALIGNO DEL BORDE DE LA LENGUA');
insert into `diagnosticocie10_odo`(`ID`,`NOMBRE`) values ('C022',' TUMOR MALIGNO DE LA CARA VENTRAL DE LA LENGUA');
insert into `diagnosticocie10_odo`(`ID`,`NOMBRE`) values ('C023',' TUMOR MALIGNO DE LOS DOS TERCIOS ANTERIORES DE LA LENGUA, PARTE NO ESPECIFICADA');
insert into `diagnosticocie10_odo`(`ID`,`NOMBRE`) values ('C024',' TUMOR MALIGNO DE LA AMIGDALA LINGUAL');
insert into `diagnosticocie10_odo`(`ID`,`NOMBRE`) values ('C028',' LESION DE SITIOS CONTIGUOS DE LA LENGUA');
insert into `diagnosticocie10_odo`(`ID`,`NOMBRE`) values ('C029',' TUMOR MALIGNO DE LA LENGUA, PARTE NO ESPECIFICADA');
insert into `diagnosticocie10_odo`(`ID`,`NOMBRE`) values ('C030',' TUMOR MALIGNO DE LA ENCIA SUPERIOR');
insert into `diagnosticocie10_odo`(`ID`,`NOMBRE`) values ('C031',' TUMOR MALIGNO DE LA ENCIA INFERIOR');
insert into `diagnosticocie10_odo`(`ID`,`NOMBRE`) values ('C039',' TUMOR MALIGNO DE LA ENCIA, PARTE NO ESPECIFICADA');
insert into `diagnosticocie10_odo`(`ID`,`NOMBRE`) values ('C040',' TUMOR MALIGNO DE LA PARTE ANTERIOR DEL PISO DE LA BOCA');
insert into `diagnosticocie10_odo`(`ID`,`NOMBRE`) values ('C041',' TUMOR MALIGNO DE LA PARTE LATERAL DEL PISO DE LA BOCA');
insert into `diagnosticocie10_odo`(`ID`,`NOMBRE`) values ('C048',' LESION DE SITIOS CONTIGUOS DEL PISO DE LA BOCA');
insert into `diagnosticocie10_odo`(`ID`,`NOMBRE`) values ('C049',' TUMOR MALIGNO DEL PISO DE LA BOCA, PARTE NO ESPECIFICADA');
insert into `diagnosticocie10_odo`(`ID`,`NOMBRE`) values ('C050',' TUMOR MALIGNO DEL PALADAR DURO');
insert into `diagnosticocie10_odo`(`ID`,`NOMBRE`) values ('C051',' TUMOR MALIGNO DEL PALADAR BLANDO');
insert into `diagnosticocie10_odo`(`ID`,`NOMBRE`) values ('C052',' TUMOR MALIGNO DE LA UVULA');
insert into `diagnosticocie10_odo`(`ID`,`NOMBRE`) values ('C058',' LESION DE SITIOS CONTIGUOS DEL PALADAR');
insert into `diagnosticocie10_odo`(`ID`,`NOMBRE`) values ('C059',' TUMOR MALIGNO DEL PALADAR, PARTE NO ESPECIFICADA');
insert into `diagnosticocie10_odo`(`ID`,`NOMBRE`) values ('C060',' TUMOR MALIGNO DE LA MUCOSA DE LA MEJILLA');
insert into `diagnosticocie10_odo`(`ID`,`NOMBRE`) values ('C061',' TUMOR MALIGNO DEL VESTIBULO DE LA BOCA');
insert into `diagnosticocie10_odo`(`ID`,`NOMBRE`) values ('C062',' TUMOR MALIGNO DEL AREA RETROMOLAR');
insert into `diagnosticocie10_odo`(`ID`,`NOMBRE`) values ('C068',' LESION DE SITIOS CONTIGUOS DE OTRAS PARTES Y DE LAS NO ESPECIFICADAS DE LA BOCA');
insert into `diagnosticocie10_odo`(`ID`,`NOMBRE`) values ('C069',' TUMOR MALIGNO DE LA BOCA, PARTE NO ESPECIFICADA');
insert into `diagnosticocie10_odo`(`ID`,`NOMBRE`) values ('C07 ','TUMOR MALIGNO DE LA GLANDULA PAROTIDA');
insert into `diagnosticocie10_odo`(`ID`,`NOMBRE`) values ('C080',' TUMOR MALIGNO DE LA GLANDULA SUBMAXILAR');
insert into `diagnosticocie10_odo`(`ID`,`NOMBRE`) values ('C081',' TUMOR MALIGNO DE LA GLANDULA SUBLINGUAL');
insert into `diagnosticocie10_odo`(`ID`,`NOMBRE`) values ('C088',' LESION DE SITIOS CONTIGUOS DE LAS GLANDULAS SALIVALES MAYORES');
insert into `diagnosticocie10_odo`(`ID`,`NOMBRE`) values ('C089',' TUMOR MALIGNO DE GLANDULA SALIVAL MAYOR, NO ESPECIFICADA');
insert into `diagnosticocie10_odo`(`ID`,`NOMBRE`) values ('C098',' LESION DE SITIOS CONTIGUOS DE LA AMIGDALA');
insert into `diagnosticocie10_odo`(`ID`,`NOMBRE`) values ('C109',' TUMOR MALIGNO DE LA OROFARINGE, PARTE NO ESPECIFICADA');
insert into `diagnosticocie10_odo`(`ID`,`NOMBRE`) values ('C148',' LESION DE SITIOS CONTIGUOS DEL LABIO, DE LA CAVIDAD BUCAL Y DE LA LARINGE');
insert into `diagnosticocie10_odo`(`ID`,`NOMBRE`) values ('C310',' TUMOR MALIGNO DEL SENO MAXILAR');
insert into `diagnosticocie10_odo`(`ID`,`NOMBRE`) values ('C318',' LESION DE SITIOS CONTIGUOS DE LOS SENOS PARANASALES');
insert into `diagnosticocie10_odo`(`ID`,`NOMBRE`) values ('C319',' TUMOR MALIGNO DEL SENO PARANASAL NO ESPECIFICADO');
insert into `diagnosticocie10_odo`(`ID`,`NOMBRE`) values ('C410 ','TUMOR MALIGNO DE LOS HUESOS DEL CRANEO Y DE LA CARA');
insert into `diagnosticocie10_odo`(`ID`,`NOMBRE`) values ('C411 ','TUMOR MALIGNO DEL HUESO DEL MAXILAR INFERIOR');
insert into `diagnosticocie10_odo`(`ID`,`NOMBRE`) values ('C430 ','MELANOMA MALIGNO DEL LABIO');
insert into `diagnosticocie10_odo`(`ID`,`NOMBRE`) values ('C440 ','TUMOR MALIGNO DE LA PIEL DEL LABIO');
insert into `diagnosticocie10_odo`(`ID`,`NOMBRE`) values ('C462 ','SARCOMA DE KAPOSI DEL PALADAR');
insert into `diagnosticocie10_odo`(`ID`,`NOMBRE`) values ('C760 ','TUMOR MALIGNO DE LA CABEZA, CARA Y CUELLO');
insert into `diagnosticocie10_odo`(`ID`,`NOMBRE`) values ('D030 ','MELANOMA IN SITU DEL LABIO');
insert into `diagnosticocie10_odo`(`ID`,`NOMBRE`) values ('D040 ','CARCINOMA IN SITU DE LA PIEL DEL LABIO');
insert into `diagnosticocie10_odo`(`ID`,`NOMBRE`) values ('D100 ','TUMOR BENIGNO DEL LABIO');
insert into `diagnosticocie10_odo`(`ID`,`NOMBRE`) values ('D101 ','TUMOR BENIGNO DE LA LENGUA');
insert into `diagnosticocie10_odo`(`ID`,`NOMBRE`) values ('D102 ','TUMOR BENIGNO DEL PISO DE LA BOCA');
insert into `diagnosticocie10_odo`(`ID`,`NOMBRE`) values ('D103 ','TUMOR BENIGNO DE OTRAS PARTES Y DE LAS NO ESPECIFICADAS DE LA BOCA');
insert into `diagnosticocie10_odo`(`ID`,`NOMBRE`) values ('D164 ','TUMOR BENIGNO DE LOS HUESOS DEL CRANEO Y DE LA CARA');
insert into `diagnosticocie10_odo`(`ID`,`NOMBRE`) values ('D165 ','TUMOR BENIGNO DEL MAXILAR INFERIOR');
insert into `diagnosticocie10_odo`(`ID`,`NOMBRE`) values ('D220 ','NEVO MELANOCITICO DEL LABIO');
insert into `diagnosticocie10_odo`(`ID`,`NOMBRE`) values ('D230 ','TUMOR BENIGNO DE LA PIEL DEL LABIO');
insert into `diagnosticocie10_odo`(`ID`,`NOMBRE`) values ('D370 ','TUMOR DE COMPORTAMIENTO INCIERTO O DESCONOCIDO DEL LABIO, DE LA CAVIDAD BUCAL Y DE LA FARINGE');
insert into `diagnosticocie10_odo`(`ID`,`NOMBRE`) values ('D433 ','TUMOR DE COMPORTAMIENTO INCIERTO O DESCONOCIDO DE LOS NERVIOS CRANEALES');
insert into `diagnosticocie10_odo`(`ID`,`NOMBRE`) values ('F808 ','OTROS TRASTORNOS DEL DESARROLLO DEL HABLA Y DEL LENGUAJE');
insert into `diagnosticocie10_odo`(`ID`,`NOMBRE`) values ('F809 ','TRASTORNO DEL DESARROLLO DEL HABLA Y DEL LENGUAJE NO ESPECIFICADO');
insert into `diagnosticocie10_odo`(`ID`,`NOMBRE`) values ('F988 ','OTROS TRASTORNOS EMOCIONALES Y DEL COMPORTAMIENTO QUE APARECEN HABITUALMENTE EN LA NIÑEZ Y EN LA ADOLESCENCIA');
insert into `diagnosticocie10_odo`(`ID`,`NOMBRE`) values ('G500 ','NEURALGIA DEL TRIGEMINO');
insert into `diagnosticocie10_odo`(`ID`,`NOMBRE`) values ('G501 ','DOLOR FACIAL ATIPICO');
insert into `diagnosticocie10_odo`(`ID`,`NOMBRE`) values ('G508 ','OTROS TRASTORNOS DEL TRIGEMINO');
insert into `diagnosticocie10_odo`(`ID`,`NOMBRE`) values ('G509 ','TRASTORNOS DEL TRIGEMINO, NO ESPECIFICADO');
insert into `diagnosticocie10_odo`(`ID`,`NOMBRE`) values ('G510 ','PARALISIS DE BELL');
insert into `diagnosticocie10_odo`(`ID`,`NOMBRE`) values ('G513 ','ESPASMO HEMIFACIAL CLONICO');
insert into `diagnosticocie10_odo`(`ID`,`NOMBRE`) values ('G518 ','OTROS TRASTORNOS DEL NERVIO FACIAL');
insert into `diagnosticocie10_odo`(`ID`,`NOMBRE`) values ('G519 ','TRASTORNOS DEL NERVIO FACIAL, NO ESPECIFICADO');
insert into `diagnosticocie10_odo`(`ID`,`NOMBRE`) values ('G530*',' NEURALGIA POSTHERPES ZOSTER (B02.2†)');
insert into `diagnosticocie10_odo`(`ID`,`NOMBRE`) values ('J320 ','SINUSITIS MAXILAR CRONICA');
insert into `diagnosticocie10_odo`(`ID`,`NOMBRE`) values ('K000 ','ANODONCIA');
insert into `diagnosticocie10_odo`(`ID`,`NOMBRE`) values ('K001 ','DIENTES SUPERNUMERARIOS');
insert into `diagnosticocie10_odo`(`ID`,`NOMBRE`) values ('K002 ','ANOMALIAS DEL TAMAÑO Y DE LA FORMA DEL DIENTE');
insert into `diagnosticocie10_odo`(`ID`,`NOMBRE`) values ('K003 ','DIENTES MOTEADOS');
insert into `diagnosticocie10_odo`(`ID`,`NOMBRE`) values ('K004 ','ALTERACIONES EN LA FORMACION DENTARIA');
insert into `diagnosticocie10_odo`(`ID`,`NOMBRE`) values ('K005 ','ALTERACIONES HEREDITARIAS DE LA ESTRUCTURA DENTARIA, NO CLASIFICADAS EN OTRA PARTE');
insert into `diagnosticocie10_odo`(`ID`,`NOMBRE`) values ('K006 ','ALTERACIONES EN LA ERUPCION DENTARIA');
insert into `diagnosticocie10_odo`(`ID`,`NOMBRE`) values ('K007 ','SINDROME DE LA ERUPCION DENTARIA');
insert into `diagnosticocie10_odo`(`ID`,`NOMBRE`) values ('K008 ','OTROS TRASTORNOS DEL DESARROLLO DE LOS DIENTES');
insert into `diagnosticocie10_odo`(`ID`,`NOMBRE`) values ('K009 ','TRASTORNO DEL DESARROLLO DE LOS DIENTES, NO ESPECIFICADO');
insert into `diagnosticocie10_odo`(`ID`,`NOMBRE`) values ('K010 ','DIENTES INCLUIDOS');
insert into `diagnosticocie10_odo`(`ID`,`NOMBRE`) values ('K011 ','DIENTES IMPACTADOS');
insert into `diagnosticocie10_odo`(`ID`,`NOMBRE`) values ('K020 ','CARIES LIMITADA AL ESMALTE');
insert into `diagnosticocie10_odo`(`ID`,`NOMBRE`) values ('K021 ','CARIES DE LA DENTINA');
insert into `diagnosticocie10_odo`(`ID`,`NOMBRE`) values ('K022 ','CARIES DEL CEMENTO');
insert into `diagnosticocie10_odo`(`ID`,`NOMBRE`) values ('K023 ','CARIES DENTARIA DETENIDA');
insert into `diagnosticocie10_odo`(`ID`,`NOMBRE`) values ('K024 ','ODONTOCLASIA');
insert into `diagnosticocie10_odo`(`ID`,`NOMBRE`) values ('K028 ','OTRAS CARIES DENTALES');
insert into `diagnosticocie10_odo`(`ID`,`NOMBRE`) values ('K029 ','CARIES DENTAL, NO ESPECIFICADA');
insert into `diagnosticocie10_odo`(`ID`,`NOMBRE`) values ('K030',' ATRICION EXCESIVA DE LOS DIENTES');
insert into `diagnosticocie10_odo`(`ID`,`NOMBRE`) values ('K031',' ABRASION DE LOS DIENTES');
insert into `diagnosticocie10_odo`(`ID`,`NOMBRE`) values ('K032',' EROSION DE LOS DIENTES');
insert into `diagnosticocie10_odo`(`ID`,`NOMBRE`) values ('K033',' REABSORCION PATOLOGICA DE LOS DIENTES');
insert into `diagnosticocie10_odo`(`ID`,`NOMBRE`) values ('K034',' HIPERCEMENTOSIS');
insert into `diagnosticocie10_odo`(`ID`,`NOMBRE`) values ('K035',' ANQUILOSIS DENTAL');
insert into `diagnosticocie10_odo`(`ID`,`NOMBRE`) values ('K036',' DEPOSITOS [ACRECIONES] EN LOS DIENTES');
insert into `diagnosticocie10_odo`(`ID`,`NOMBRE`) values ('K037',' CAMBIOS POSTERUPTIVOS DEL COLOR DE LOS TEJIDOS DENTALES DUROS');
insert into `diagnosticocie10_odo`(`ID`,`NOMBRE`) values ('K038',' OTRAS ENFERMEDADES ESPECIFICADAS DE LOS TEJIDOS DUROS DE LOS DIENTES');
insert into `diagnosticocie10_odo`(`ID`,`NOMBRE`) values ('K039',' ENFERMEDAD NO ESPECIFICADA DE LOS TEJIDOS DENTALES DUROS');
insert into `diagnosticocie10_odo`(`ID`,`NOMBRE`) values ('K040',' PULPITIS');
insert into `diagnosticocie10_odo`(`ID`,`NOMBRE`) values ('K041',' NECROSIS DE LA PULPA');
insert into `diagnosticocie10_odo`(`ID`,`NOMBRE`) values ('K042',' DEGENERACION DE LA PULPA');
insert into `diagnosticocie10_odo`(`ID`,`NOMBRE`) values ('K043',' FORMACION ANORMAL DE TEJIDO DURO EN LA PULPA');
insert into `diagnosticocie10_odo`(`ID`,`NOMBRE`) values ('K044',' PERIODONTITIS APICAL AGUDA ORIGINADA EN LA PULPA');
insert into `diagnosticocie10_odo`(`ID`,`NOMBRE`) values ('K045',' PERIODONTITIS APICAL CRONICA');
insert into `diagnosticocie10_odo`(`ID`,`NOMBRE`) values ('K046',' ABSCESO PERIAPICAL CON FISTULA');
insert into `diagnosticocie10_odo`(`ID`,`NOMBRE`) values ('K047',' ABSCESO PERIAPICAL SIN FISTULA');
insert into `diagnosticocie10_odo`(`ID`,`NOMBRE`) values ('K048',' QUISTE RADICULAR');
insert into `diagnosticocie10_odo`(`ID`,`NOMBRE`) values ('K049',' OTRAS ENFERMEDADES Y LAS NO ESPECIFICADAS DE LA PULPA Y DEL TEJIDO PERIAPICAL');
insert into `diagnosticocie10_odo`(`ID`,`NOMBRE`) values ('K050',' GINGIVITIS AGUDA');
insert into `diagnosticocie10_odo`(`ID`,`NOMBRE`) values ('K051',' GINGIVITIS CRONICA');
insert into `diagnosticocie10_odo`(`ID`,`NOMBRE`) values ('K052',' PERIODONTITIS AGUDA');
insert into `diagnosticocie10_odo`(`ID`,`NOMBRE`) values ('K053',' PERIODONTITIS CRONICA');
insert into `diagnosticocie10_odo`(`ID`,`NOMBRE`) values ('K054',' PERIODONTOSIS');
insert into `diagnosticocie10_odo`(`ID`,`NOMBRE`) values ('K055',' OTRAS ENFERMEDADES PERIODONTALES');
insert into `diagnosticocie10_odo`(`ID`,`NOMBRE`) values ('K056',' ENFERMEDAD DE PERIODONTO, NO ESPECIFICADA');
insert into `diagnosticocie10_odo`(`ID`,`NOMBRE`) values ('K060',' RETRACCION GINGIVAL');
insert into `diagnosticocie10_odo`(`ID`,`NOMBRE`) values ('K061',' HIPERPLASIA GINGIVAL');
insert into `diagnosticocie10_odo`(`ID`,`NOMBRE`) values ('K062',' LESIONES DE LA ENCIA Y DE LA ZONA EDENTULA ASOCIADAS CON TRAUMATISMO');
insert into `diagnosticocie10_odo`(`ID`,`NOMBRE`) values ('K068',' OTROS TRASTORNOS ESPECIFICADOS DE LA ENCIA Y DE LA ZONA EDENTULA');
insert into `diagnosticocie10_odo`(`ID`,`NOMBRE`) values ('K069',' TRASTORNO NO ESPECIFICADO DE LA ENCIA Y DE LA ZONA EDENTULA');
insert into `diagnosticocie10_odo`(`ID`,`NOMBRE`) values ('K070',' ANOMALIAS EVIDENTES DEL TAMAÑO DE LOS MAXILARES');
insert into `diagnosticocie10_odo`(`ID`,`NOMBRE`) values ('K071',' ANOMALIAS DE LA RELACION MAXILOBASILAR');
insert into `diagnosticocie10_odo`(`ID`,`NOMBRE`) values ('K072',' ANOMALIAS DE LA RELACION ENTRE LOS ARCOS DENTARIOS');
insert into `diagnosticocie10_odo`(`ID`,`NOMBRE`) values ('K073',' ANOMALIAS DE LA POSICION DEL DIENTE');
insert into `diagnosticocie10_odo`(`ID`,`NOMBRE`) values ('K074',' MALOCLUSION DE TIPO NO ESPECIFICADO');
insert into `diagnosticocie10_odo`(`ID`,`NOMBRE`) values ('K075',' ANOMALIAS DENTOFACIALES FUNCIONALES');
insert into `diagnosticocie10_odo`(`ID`,`NOMBRE`) values ('K076',' TRASTORNOS DE LA ARTICULACION TEMPOROMAXILAR');
insert into `diagnosticocie10_odo`(`ID`,`NOMBRE`) values ('K078',' OTRAS ANOMALIAS DENTOFACIALES');
insert into `diagnosticocie10_odo`(`ID`,`NOMBRE`) values ('K079',' ANOMALIA DENTOFACIAL, NO ESPECIFICADA');
insert into `diagnosticocie10_odo`(`ID`,`NOMBRE`) values ('K080',' EXFOLIACION DE LOS DIENTES DEBIDA A CAUSAS SISTEMICAS');
insert into `diagnosticocie10_odo`(`ID`,`NOMBRE`) values ('K081',' PERDIDA DE DIENTES DEBIDA A ACCIDENTE, EXTRACCION O ENFERMEDAD PERIODONTAL LOCAL');
insert into `diagnosticocie10_odo`(`ID`,`NOMBRE`) values ('K082',' ATROFIA DE REBORDE ALVEOLAR DESDENTADO');
insert into `diagnosticocie10_odo`(`ID`,`NOMBRE`) values ('K083',' RAIZ DENTAL RETENIDA');
insert into `diagnosticocie10_odo`(`ID`,`NOMBRE`) values ('K088',' OTRAS AFECCIONES ESPECIFICADAS DE LOS DIENTES Y DE SUS ESTRUCTURAS DE SOSTEN');
insert into `diagnosticocie10_odo`(`ID`,`NOMBRE`) values ('K089',' TRASTORNO DE LOS DIENTES Y DE SUS ESTRUCTURAS DE SOSTEN, NO ESPECIFICADO');
insert into `diagnosticocie10_odo`(`ID`,`NOMBRE`) values ('K090',' QUISTES ORIGINADOS POR EL DESARROLLO DE LOS DIENTES');
insert into `diagnosticocie10_odo`(`ID`,`NOMBRE`) values ('K091',' QUISTES DE LAS FISURAS (NO ODONTOGENICOS)');
insert into `diagnosticocie10_odo`(`ID`,`NOMBRE`) values ('K092',' OTROS QUISTES DE LOS MAXILARES');
insert into `diagnosticocie10_odo`(`ID`,`NOMBRE`) values ('K098',' OTROS QUISTES DE LA REGION BUCAL, NO CLASIFICADOS EN OTRA PARTE');
insert into `diagnosticocie10_odo`(`ID`,`NOMBRE`) values ('K099',' QUISTE DE LA REGION BUCAL, SIN OTRA ESPECIFICACION');
insert into `diagnosticocie10_odo`(`ID`,`NOMBRE`) values ('K100',' TRASTORNOS DEL DESARROLLO DE LOS MAXILARES');
insert into `diagnosticocie10_odo`(`ID`,`NOMBRE`) values ('K101',' GRANULOMA CENTRAL DE CELULAS GIGANTES');
insert into `diagnosticocie10_odo`(`ID`,`NOMBRE`) values ('K102',' AFECCIONES INFLAMATORIAS DE LOS MAXILARES');
insert into `diagnosticocie10_odo`(`ID`,`NOMBRE`) values ('K103',' ALVEOLITIS DEL MAXILAR');
insert into `diagnosticocie10_odo`(`ID`,`NOMBRE`) values ('K108',' OTRAS ENFERMEDADES ESPECIFICADAS DE LOS MAXILARES');
insert into `diagnosticocie10_odo`(`ID`,`NOMBRE`) values ('K109',' ENFERMEDAD DE LOS MAXILARES, NO ESPECIFICADA');
insert into `diagnosticocie10_odo`(`ID`,`NOMBRE`) values ('K110',' ATROFIA DE GLANDULA SALIVAL');
insert into `diagnosticocie10_odo`(`ID`,`NOMBRE`) values ('K111',' HIPERTROFIA DE GLANDULA SALIVAL');
insert into `diagnosticocie10_odo`(`ID`,`NOMBRE`) values ('K112',' SIALADENITIS');
insert into `diagnosticocie10_odo`(`ID`,`NOMBRE`) values ('K113',' ABSCESO DE GLANDULA SALIVAL');
insert into `diagnosticocie10_odo`(`ID`,`NOMBRE`) values ('K114',' FISTULA DE GLANDULA SALIVAL');
insert into `diagnosticocie10_odo`(`ID`,`NOMBRE`) values ('K115',' SIALOLITIASIS');
insert into `diagnosticocie10_odo`(`ID`,`NOMBRE`) values ('K116',' MUCOCELE DE GLANDULA SALIVAL');
insert into `diagnosticocie10_odo`(`ID`,`NOMBRE`) values ('K117',' ALTERACIONES DE LA SECRECION SALIVAL');
insert into `diagnosticocie10_odo`(`ID`,`NOMBRE`) values ('K118',' OTRAS ENFERMEDADES DE LAS GLANDULAS SALIVALES');
insert into `diagnosticocie10_odo`(`ID`,`NOMBRE`) values ('K119',' ENFERMEDAD DE GLANDULA SALIVAL. NO ESPECIFICADA');
insert into `diagnosticocie10_odo`(`ID`,`NOMBRE`) values ('K120',' ESTOMATITIS AFTOSA RECURRENTE');
insert into `diagnosticocie10_odo`(`ID`,`NOMBRE`) values ('K121',' OTRAS FORMAS DE ESTOMATITIS');
insert into `diagnosticocie10_odo`(`ID`,`NOMBRE`) values ('K122',' CELULITIS Y ABSCESO DE BOCA');
insert into `diagnosticocie10_odo`(`ID`,`NOMBRE`) values ('K130',' ENFERMEDADES DE LOS LABIOS');
insert into `diagnosticocie10_odo`(`ID`,`NOMBRE`) values ('K131',' MORDEDURA DEL LABIO Y DE LA MEJILLA');
insert into `diagnosticocie10_odo`(`ID`,`NOMBRE`) values ('K132',' LEUCOPLASIA Y OTRAS ALTERACIONES DEL EPITELIO BUCAL, INCLUYENDO LA LENGUA');
insert into `diagnosticocie10_odo`(`ID`,`NOMBRE`) values ('K133',' LEUCOPLASIA PILOSA');
insert into `diagnosticocie10_odo`(`ID`,`NOMBRE`) values ('K134',' GRANULOMA Y LESIONES SEMEJANTES DE LA MUCOSA BUCAL');
insert into `diagnosticocie10_odo`(`ID`,`NOMBRE`) values ('K135',' FIBROSIS DE LA SUBMUCOSA BUCAL');
insert into `diagnosticocie10_odo`(`ID`,`NOMBRE`) values ('K136',' HIPERPLASIA IRRITATIVA DE LA MUCOSA BUCAL');
insert into `diagnosticocie10_odo`(`ID`,`NOMBRE`) values ('K137',' OTRAS LESIONES Y LAS NO ESPECIFICADAS DE LA MUCOSA BUCAL');
insert into `diagnosticocie10_odo`(`ID`,`NOMBRE`) values ('K140',' GLOSITIS');
insert into `diagnosticocie10_odo`(`ID`,`NOMBRE`) values ('K141',' LENGUA GEOGRAFICA');
insert into `diagnosticocie10_odo`(`ID`,`NOMBRE`) values ('K142',' GLOSITIS ROMBOIDEA MEDIANA');
insert into `diagnosticocie10_odo`(`ID`,`NOMBRE`) values ('K143',' HIPERTROFIA DE LAS PAPILAS LINGUALES');
insert into `diagnosticocie10_odo`(`ID`,`NOMBRE`) values ('K144',' ATROFIA DE LAS PAPILAS LINGUALES');
insert into `diagnosticocie10_odo`(`ID`,`NOMBRE`) values ('K145',' LENGUA PLEGADA');
insert into `diagnosticocie10_odo`(`ID`,`NOMBRE`) values ('K146',' GLOSODINIA');
insert into `diagnosticocie10_odo`(`ID`,`NOMBRE`) values ('K148',' OTRAS ENFERMEDADES DE LA LENGUA');
insert into `diagnosticocie10_odo`(`ID`,`NOMBRE`) values ('K149',' ENFERMEDAD DE LA LENGUA, NO ESPECIFICADA');
insert into `diagnosticocie10_odo`(`ID`,`NOMBRE`) values ('L032',' CELULITIS DE LA CARA');
insert into `diagnosticocie10_odo`(`ID`,`NOMBRE`) values ('O293',' REACCION TOXICA A LA ANESTESIA LOCAL ADMINISTRADA DURANTE EL EMBARAZO');
insert into `diagnosticocie10_odo`(`ID`,`NOMBRE`) values ('Q351',' FISURA DEL PALADAR DURO');
insert into `diagnosticocie10_odo`(`ID`,`NOMBRE`) values ('Q353',' FISURA DEL PALADAR BLANDO');
insert into `diagnosticocie10_odo`(`ID`,`NOMBRE`) values ('Q355',' FISURA DEL PALADAR DURO Y DEL PALADAR BLANDO');
insert into `diagnosticocie10_odo`(`ID`,`NOMBRE`) values ('Q356',' FISURA DEL PALADAR, LINEA MEDIA');
insert into `diagnosticocie10_odo`(`ID`,`NOMBRE`) values ('Q357',' FISURA DE LA UVULA');
insert into `diagnosticocie10_odo`(`ID`,`NOMBRE`) values ('Q359',' FISURA DEL PALADAR, SIN OTRA ESPECIFICACION');
insert into `diagnosticocie10_odo`(`ID`,`NOMBRE`) values ('Q360',' LABIO LEPORINO, BILATERAL');
insert into `diagnosticocie10_odo`(`ID`,`NOMBRE`) values ('Q361',' LABIO LEPORINO, LINEA MEDIA');
insert into `diagnosticocie10_odo`(`ID`,`NOMBRE`) values ('Q369',' LABIO LEPORINO, UNILATERAL');
insert into `diagnosticocie10_odo`(`ID`,`NOMBRE`) values ('Q370',' FISURA DEL PALADAR DURO CON LABIO LEPORINO BILATERAL');
insert into `diagnosticocie10_odo`(`ID`,`NOMBRE`) values ('Q371',' FISURA DEL PALADAR DURO CON LABIO LEPORINO, UNILATERAL');
insert into `diagnosticocie10_odo`(`ID`,`NOMBRE`) values ('Q372',' FISURA DEL PALADAR BLANDO CON LABIO LEPORINO BILATERAL');
insert into `diagnosticocie10_odo`(`ID`,`NOMBRE`) values ('Q373',' FISURA DEL PALADAR BLANDO CON LABIO LEPORINO UNILATERAL');
insert into `diagnosticocie10_odo`(`ID`,`NOMBRE`) values ('Q374',' FISURA DEL PALADAR DURO Y DEL PALADAR BLANDO CON LABIO LEPORINO BILATERAL');
insert into `diagnosticocie10_odo`(`ID`,`NOMBRE`) values ('Q375',' FISURA DEL PALADAR DURO Y DEL PALADAR BLANDO CON LABIO LEPORINO UNILATERAL');
insert into `diagnosticocie10_odo`(`ID`,`NOMBRE`) values ('Q378',' FISURA DEL PALADAR CON LABIO LEPORINO BILATERAL, SIN OTRA ESPECIFICACION');
insert into `diagnosticocie10_odo`(`ID`,`NOMBRE`) values ('Q379',' FISURA DEL PALADAR CON LABIO LEPORINO UNILATERAL, SIN OTRA ESPECIFICACION');
insert into `diagnosticocie10_odo`(`ID`,`NOMBRE`) values ('Q380',' MALFORMACIONES CONGENITAS DE LOS LABIOS, NO CLASIFICADAS EN OTRA PARTE');
insert into `diagnosticocie10_odo`(`ID`,`NOMBRE`) values ('Q381',' ANQUILOGLOSIA');
insert into `diagnosticocie10_odo`(`ID`,`NOMBRE`) values ('Q382',' MACROGLOSIA');
insert into `diagnosticocie10_odo`(`ID`,`NOMBRE`) values ('Q383',' OTRAS MALFORMACIONES CONGENITAS DE LA LENGUA');
insert into `diagnosticocie10_odo`(`ID`,`NOMBRE`) values ('Q384',' MALFORMACIONES CONGENITAS DE LAS GLANDULAS Y DE LOS CONDUCTOS SALIVALES');
insert into `diagnosticocie10_odo`(`ID`,`NOMBRE`) values ('Q385',' MALFORMACIONES CONGENITAS DEL PALADAR, NO CLASIFICADAS EN OTRA PARTE');
insert into `diagnosticocie10_odo`(`ID`,`NOMBRE`) values ('Q386',' OTRAS MALFORMACIONES CONGENITAS DE LA BOCA');
insert into `diagnosticocie10_odo`(`ID`,`NOMBRE`) values ('Q754',' DISOSTOSIS MAXILOFACIAL');
insert into `diagnosticocie10_odo`(`ID`,`NOMBRE`) values ('Q758',' OTRAS MALFORMACIONES CONGENITAS ESPECIFICADAS DE LOS HUESOS DEL CRANEO Y DE LA CARA');
insert into `diagnosticocie10_odo`(`ID`,`NOMBRE`) values ('Q759',' MALFORMACION CONGENITA NO ESPECIFICADA DE LOS HUESOS DEL CRANEO Y DE LA CARA');
insert into `diagnosticocie10_odo`(`ID`,`NOMBRE`) values ('R040',' EPISTAXIS');
insert into `diagnosticocie10_odo`(`ID`,`NOMBRE`) values ('S014',' HERIDA DE LA MEJILLA Y DE LA REGION TEMPOROMANDIBULAR');
insert into `diagnosticocie10_odo`(`ID`,`NOMBRE`) values ('S015',' HERIDA DEL LABIO Y DE LA CAVIDAD BUCAL');
insert into `diagnosticocie10_odo`(`ID`,`NOMBRE`) values ('S023',' FRACTURA DEL SUELO DE LA ORBITA');
insert into `diagnosticocie10_odo`(`ID`,`NOMBRE`) values ('S024',' FRACTURA DEL MALAR Y DEL HUESO MAXILAR SUPERIOR');
insert into `diagnosticocie10_odo`(`ID`,`NOMBRE`) values ('S025',' FRACTURA DE LOS DIENTES');
insert into `diagnosticocie10_odo`(`ID`,`NOMBRE`) values ('S026',' FRACTURA DEL MAXILAR INFERIOR');
insert into `diagnosticocie10_odo`(`ID`,`NOMBRE`) values ('S027',' FRACTURAS MULTIPLES QUE COMPROMETEN EL CRANEO Y LOS HUESOS DE LA CARA');
insert into `diagnosticocie10_odo`(`ID`,`NOMBRE`) values ('S028',' FRACTURA DE OTROS HUESOS DEL CRANEO Y DE LA CARA');
insert into `diagnosticocie10_odo`(`ID`,`NOMBRE`) values ('S030',' LUXACION DEL MAXILAR');
insert into `diagnosticocie10_odo`(`ID`,`NOMBRE`) values ('S032',' LUXACION DE DIENTE');
insert into `diagnosticocie10_odo`(`ID`,`NOMBRE`) values ('S034',' ESGUINCES Y TORCEDURAS DEL MAXILAR');
insert into `diagnosticocie10_odo`(`ID`,`NOMBRE`) values ('S043 ','TRAUMATISMO DEL NERVIO TRIGEMINO [V PAR]');
insert into `diagnosticocie10_odo`(`ID`,`NOMBRE`) values ('S045 ','TRAUMATISMO DEL NERVIO FACIAL [VII PAR]');
insert into `diagnosticocie10_odo`(`ID`,`NOMBRE`) values ('S049 ','TRAUMATISMO DEL NERVIOS CRANEALES, NO ESPECIFICADO');
insert into `diagnosticocie10_odo`(`ID`,`NOMBRE`) values ('T170 ','CUERPO EXTRAÑO EN SENO PARANASAL');
insert into `diagnosticocie10_odo`(`ID`,`NOMBRE`) values ('T180 ','CUERPO EXTRAÑO EN LA BOCA');
insert into `diagnosticocie10_odo`(`ID`,`NOMBRE`) values ('T490 ','ENVENENAMIENTO POR AGENTES TOPICOS QUE AFECTAN PRINCIPALMENTE LA PIEL Y LAS MEMBRANAS MUCOSAS Y POR DROGAS OFTALMOLOGICAS, OTORRINOLARINGOLOGICAS Y DENTALES: DROGAS LOCALES ANTIMICOTICAS, ANTIINFECCIOSAS Y ANTIINFLAMATORIAS, NO CLASIFICADAS EN OTRA PARTE');
insert into `diagnosticocie10_odo`(`ID`,`NOMBRE`) values ('T491',' ENVENENAMIENTO POR AGENTES TOPICOS QUE AFECTAN PRINCIPALMENTE LA PIEL Y LAS MEMBRANAS MUCOSAS Y POR DROGAS OFTALMOLOGICAS, OTORRINOLARINGOLOGICAS Y DENTALES: ANTIPRURITICOS');
insert into `diagnosticocie10_odo`(`ID`,`NOMBRE`) values ('T492',' ENVENENAMIENTO POR AGENTES TOPICOS QUE AFECTAN PRINCIPALMENTE LA PIEL Y LAS MEMBRANAS MUCOSAS Y POR DROGAS OFTALMOLOGICAS, OTORRINOLARINGOLOGICAS Y DENTALES: ASTRINGENTES Y DETERGENTES LOCALES');
insert into `diagnosticocie10_odo`(`ID`,`NOMBRE`) values ('T493',' ENVENENAMIENTO POR AGENTES TOPICOS QUE AFECTAN PRINCIPALMENTE LA PIEL Y LAS MEMBRANAS MUCOSAS Y POR DROGAS OFTALMOLOGICAS, OTORRINOLARINGOLOGICAS Y DENTALES: EMOLIENTES, DEMULCENTES Y PROTECTORES');
insert into `diagnosticocie10_odo`(`ID`,`NOMBRE`) values ('T494',' ENVENENENAMIENTO POR AGENTES TOPICOS QUE AFECTAN PRINCIPALMENTE LA PIEL Y LAS MEMBRANAS MUCOSAS Y POR DROGAS OFTALMOLOGICAS, OTORRINOLARINGOLOGICAS Y DENTALES: QUERATOLITICOS, QUERATOPLASTICOS, DROGAS Y OTRAS PREPARACIONES PARA EL TRATAMIENTO DEL CABELLO');
insert into `diagnosticocie10_odo`(`ID`,`NOMBRE`) values ('T495',' ENVENENAMIENTO POR AGENTES TOPICOS QUE AFECTAN PRINCIPALMENTE LA PIEL Y LAS MEMBRANAS MUCOSAS Y POR DROGAS OFTALMOLOGICAS, OTORRINOLARINGOLOGICAS Y DENTALES: DROGAS Y PREPARACIONES OFTALMOLOGICAS');
insert into `diagnosticocie10_odo`(`ID`,`NOMBRE`) values ('T496',' ENVENENAMIENTO POR AGENTES TOPICOS QUE AFECTAN PRINCIPALMENTE LA PIEL Y LAS MEMBRANAS MUCOSAS Y POR DROGAS OFTALMOLOGICAS, OTORRINOLARINGOLOGICAS Y DENTALES: DROGAS Y PREPARACIONES OTORRINOLARINGOLOGICAS');
insert into `diagnosticocie10_odo`(`ID`,`NOMBRE`) values ('T497',' ENVENENAMIENTO POR AGENTES TOPICOS QUE AFECTAN PRINCIPALMENTE LA PIEL Y LAS MEMBRANAS MUCOSAS Y POR DROGAS OFTALMOLOGICAS, OTORRINOLARINGOLOGICAS Y DENTALES: DROGAS DENTALES, APLICADAS TOPICAMENTE');
insert into `diagnosticocie10_odo`(`ID`,`NOMBRE`) values ('T498',' ENVENENAMIENTO POR AGENTES TOPICOS QUE AFECTAN PRINCIPALMENTE LA PIEL Y LAS MEMBRANAS MUCOSAS Y POR DROGAS OFTALMOLOGICAS, OTORRINOLARINGOLOGICAS Y DENTALES: OTROS AGENTES TOPICOS');
insert into `diagnosticocie10_odo`(`ID`,`NOMBRE`) values ('T499',' ENVENENAMIENTO POR AGENTES TOPICOS QUE AFECTAN PRINCIPALMENTE LA PIEL Y LAS MEMBRANAS MUCOSAS Y POR DROGAS OFTALMOLOGICAS, OTORRINOLARINGOLOGICAS Y DENTALES: AGENTES TOPICOS, NO ESPECIFICADOS');
insert into `diagnosticocie10_odo`(`ID`,`NOMBRE`) values ('T784','ALERGIA NO ESPECIFICADA');
insert into `diagnosticocie10_odo`(`ID`,`NOMBRE`) values ('T882',' CHOQUE DEBIDA A ANESTESIA');
insert into `diagnosticocie10_odo`(`ID`,`NOMBRE`) values ('T883',' HIPERTERMIA MALIGNA DEBIDA A ANESTESIA');
insert into `diagnosticocie10_odo`(`ID`,`NOMBRE`) values ('T885',' OTRAS COMPLICACIONES DE LA ANESTESIA');
insert into `diagnosticocie10_odo`(`ID`,`NOMBRE`) values ('T886',' CHOQUE ANAFILACTICO DEBIDO A EFECTO ADVERSO DE DROGA O MEDICAMENTO CORRECTO ADMINISTRADO APROPIADAMENTE');
insert into `diagnosticocie10_odo`(`ID`,`NOMBRE`) values ('Y400',' EFECTOS ADVERSOS DE PENICILINAS');
insert into `diagnosticocie10_odo`(`ID`,`NOMBRE`) values ('Y401',' EFECTOS ADVERSOS DE CEFALOSPORINAS Y OTROS ANTIBIOTICOS BETALACTAMICOS');
insert into `diagnosticocie10_odo`(`ID`,`NOMBRE`) values ('Y403',' EFECTOS ADVERSOS DE LOS MACROLIDOS');
insert into `diagnosticocie10_odo`(`ID`,`NOMBRE`) values ('Y404',' EFECTOS ADVERSOS DE TETRACICLINAS');
insert into `diagnosticocie10_odo`(`ID`,`NOMBRE`) values ('Y405',' EFECTOS ADVERSOS DE AMINOGLICOSIDOS');
insert into `diagnosticocie10_odo`(`ID`,`NOMBRE`) values ('Y406',' EFECTOS ADVERSOS DE RIFAMICINAS');
insert into `diagnosticocie10_odo`(`ID`,`NOMBRE`) values ('Y407',' EFECTOS ADVERSOS DE ANTIBIOTICOS ANTIMICOTICOS USADOS SISTEMATICAMENTE');
insert into `diagnosticocie10_odo`(`ID`,`NOMBRE`) values ('Y408',' EFECTOS ADVERSOS DE OTROS ANTIBIOTICOS SISTEMICOS');
insert into `diagnosticocie10_odo`(`ID`,`NOMBRE`) values ('Y409',' EFECTOS ADVERSOS DE ANTIBIOTICO SISTEMICO NO ESPECIFICADO');
insert into `diagnosticocie10_odo`(`ID`,`NOMBRE`) values ('Y410',' EFECTOS ADVERSOS DE SULFONAMIDAS');
insert into `diagnosticocie10_odo`(`ID`,`NOMBRE`) values ('Y411',' EFECTOS ADVERSOS DE DROGAS ANTIMICOBACTERIANAS');
insert into `diagnosticocie10_odo`(`ID`,`NOMBRE`) values ('Y458',' EFECTOS ADVERSOS DE OTROS ANALGESICOS Y ANTIPIRETICOS');
insert into `diagnosticocie10_odo`(`ID`,`NOMBRE`) values ('Y459',' EFECTOS ADVERSOS DE DROGAS ANALGESICAS, ANTIPIRETICAS Y ANTIINFLAMATORIAS NO ESPECIFICADAS');
insert into `diagnosticocie10_odo`(`ID`,`NOMBRE`) values ('Y483',' EFECTOS ADVERSOS DE GASES ANESTESICOS LOCALES');
insert into `diagnosticocie10_odo`(`ID`,`NOMBRE`) values ('Y484',' EFECTOS ADVERSOS DE ANESTESICOS NO ESPECIFICADOS');
insert into `diagnosticocie10_odo`(`ID`,`NOMBRE`) values ('Y850',' SECUELAS DE ACCIDENTE DE VEHICULO DE MOTOR');
insert into `diagnosticocie10_odo`(`ID`,`NOMBRE`) values ('Y859',' SECUELAS DE OTROS ACCIDENTES DE TRANSPORTE, Y LOS NO ESPECIFICADOS');
insert into `diagnosticocie10_odo`(`ID`,`NOMBRE`) values ('Y86 ','SECUELAS DE OTROS ACCIDENTES');
insert into `diagnosticocie10_odo`(`ID`,`NOMBRE`) values ('Y870',' SECUELAS DE LESIONES AUTOINFLIGIDAS');
insert into `diagnosticocie10_odo`(`ID`,`NOMBRE`) values ('Y871',' SECUELAS DE AGRESIONES');
insert into `diagnosticocie10_odo`(`ID`,`NOMBRE`) values ('Y872',' SECUELAS DE EVENTOS DE INTENCION NO DETERMINADA');
insert into `diagnosticocie10_odo`(`ID`,`NOMBRE`) values ('Y880','SECUELAS DE EFECTOS ADVERSOS CAUSADOS POR DROGAS, MEDICAMENTOS Y SUSTANCIAS BIOLOGICAS EN SU USO TERAPEUTICO');
insert into `diagnosticocie10_odo`(`ID`,`NOMBRE`) values ('Y881',' SECUELAS DE INCIDENTES OCURRIDOS AL PACIENTE DURANTE PROCEDIMIENTOS MEDICOS Y QUIRURGICOS');
insert into `diagnosticocie10_odo`(`ID`,`NOMBRE`) values ('Y882',' SECUELAS DE INCIDENTES ADVERSOS ASOCIADOS CON DISPOSITIVOS MEDICOS EN USO DIAGNOSTICO Y TERAPEUTICO');
insert into `diagnosticocie10_odo`(`ID`,`NOMBRE`) values ('Y883','SECUELAS DE PROCEDIMIENTOS MEDICOS Y QUIRURGICOS COMO LA CAUSA DE REACCION ANORMAL DEL PACIENTE O DE COMPLICACION POSTERIOR, SIN MENCION DE INCIDENTE EN EL MOMENTO DE EFECTUAR EL PROCEDIMIENTO');
insert into `diagnosticocie10_odo`(`ID`,`NOMBRE`) values ('Y890','SECUELAS DE INTERVENCION LEGAL');
insert into `diagnosticocie10_odo`(`ID`,`NOMBRE`) values ('Y891 ','SECUELAS DE OPERACIONES DE GUERRA');
insert into `diagnosticocie10_odo`(`ID`,`NOMBRE`) values ('Y899 ','SECUELAS DE CAUSA EXTERNA NO ESPECIFICADA');
insert into `diagnosticocie10_odo`(`ID`,`NOMBRE`) values ('Z012 ','EXAMEN ODONTOLOGICO');
insert into `diagnosticocie10_odo`(`ID`,`NOMBRE`) values ('Z463 ','PRUEBA Y AJUSTE DE PROTESIS DENTAL');
insert into `diagnosticocie10_odo`(`ID`,`NOMBRE`) values ('Z464 ','PRUEBA Y AJUSTE DE DISPOSITIVO ORTODONCICO');
insert into `diagnosticocie10_odo`(`ID`,`NOMBRE`) values ('Z965 ','PRESENCIA DE IMPLANTES DE RAIZ DE DIENTE Y DE MANDIBULA');

insert into `depto`(`ID`,`NOMBRE`) values (1,'AMAZONAS');
insert into `depto`(`ID`,`NOMBRE`) values (2,'ANTIOQUIA');
insert into `depto`(`ID`,`NOMBRE`) values (3,'ARAUCA');
insert into `depto`(`ID`,`NOMBRE`) values (4,'ATLANTICO');
insert into `depto`(`ID`,`NOMBRE`) values (5,'BOLIVAR');
insert into `depto`(`ID`,`NOMBRE`) values (6,'BOYACA');
insert into `depto`(`ID`,`NOMBRE`) values (7,'CALDAS');
insert into `depto`(`ID`,`NOMBRE`) values (8,'CAQUETA');
insert into `depto`(`ID`,`NOMBRE`) values (9,'CASANARE');
insert into `depto`(`ID`,`NOMBRE`) values (10,'CAUCA');
insert into `depto`(`ID`,`NOMBRE`) values (11,'CESAR');
insert into `depto`(`ID`,`NOMBRE`) values (12,'CHOCO');
insert into `depto`(`ID`,`NOMBRE`) values (13,'CORDOBA');
insert into `depto`(`ID`,`NOMBRE`) values (14,'CUNDINAMARCA');
insert into `depto`(`ID`,`NOMBRE`) values (15,'GUAINIA');
insert into `depto`(`ID`,`NOMBRE`) values (16,'GUAVIARE');
insert into `depto`(`ID`,`NOMBRE`) values (17,'HUILA');
insert into `depto`(`ID`,`NOMBRE`) values (18,'LA GUAJIRA');
insert into `depto`(`ID`,`NOMBRE`) values (19,'MAGDALENA');
insert into `depto`(`ID`,`NOMBRE`) values (20,'META');
insert into `depto`(`ID`,`NOMBRE`) values (21,'N. DE SANTANDER');
insert into `depto`(`ID`,`NOMBRE`) values (22,'NARIÑO');
insert into `depto`(`ID`,`NOMBRE`) values (23,'PUTUMAYO');
insert into `depto`(`ID`,`NOMBRE`) values (24,'QUINDIO');
insert into `depto`(`ID`,`NOMBRE`) values (25,'RISARALDA');
insert into `depto`(`ID`,`NOMBRE`) values (26,'SAN ANDRES');
insert into `depto`(`ID`,`NOMBRE`) values (27,'SANTANDER');
insert into `depto`(`ID`,`NOMBRE`) values (28,'SUCRE');
insert into `depto`(`ID`,`NOMBRE`) values (29,'TOLIMA');
insert into `depto`(`ID`,`NOMBRE`) values (30,'VALLE DEL CAUCA');
insert into `depto`(`ID`,`NOMBRE`) values (31,'VAUPES');
insert into `depto`(`ID`,`NOMBRE`) values (32,'VICHADA');

insert into `municipio`(`ID`,`NOMBRE`,`ID_DEPTO`) values ('1','LETICIA',1);
insert into `municipio`(`ID`,`NOMBRE`,`ID_DEPTO`) values ('10','PUERTO SANTANDER',1);
insert into `municipio`(`ID`,`NOMBRE`,`ID_DEPTO`) values ('100','SAN ANDRES DE CUERQUIA',2);
insert into `municipio`(`ID`,`NOMBRE`,`ID_DEPTO`) values ('1000','COROZAL',28);
insert into `municipio`(`ID`,`NOMBRE`,`ID_DEPTO`) values ('1001','COVEÑAS',28);
insert into `municipio`(`ID`,`NOMBRE`,`ID_DEPTO`) values ('1002','CHALAN',28);
insert into `municipio`(`ID`,`NOMBRE`,`ID_DEPTO`) values ('1003','EL ROBLE',28);
insert into `municipio`(`ID`,`NOMBRE`,`ID_DEPTO`) values ('1004','GALERAS',28);
insert into `municipio`(`ID`,`NOMBRE`,`ID_DEPTO`) values ('1005','GUARANDA',28);
insert into `municipio`(`ID`,`NOMBRE`,`ID_DEPTO`) values ('1006','LA UNION',28);
insert into `municipio`(`ID`,`NOMBRE`,`ID_DEPTO`) values ('1007','LOS PALMITOS',28);
insert into `municipio`(`ID`,`NOMBRE`,`ID_DEPTO`) values ('1008','MAJAGUAL',28);
insert into `municipio`(`ID`,`NOMBRE`,`ID_DEPTO`) values ('1009','MORROA',28);
insert into `municipio`(`ID`,`NOMBRE`,`ID_DEPTO`) values ('101','SAN CARLOS',2);
insert into `municipio`(`ID`,`NOMBRE`,`ID_DEPTO`) values ('1010','OVEJAS',28);
insert into `municipio`(`ID`,`NOMBRE`,`ID_DEPTO`) values ('1011','PALMITO',28);
insert into `municipio`(`ID`,`NOMBRE`,`ID_DEPTO`) values ('1012','SAMPUES',28);
insert into `municipio`(`ID`,`NOMBRE`,`ID_DEPTO`) values ('1013','SAN BENITO ABAD',28);
insert into `municipio`(`ID`,`NOMBRE`,`ID_DEPTO`) values ('1014','SAN JUAN DE BETULIA',28);
insert into `municipio`(`ID`,`NOMBRE`,`ID_DEPTO`) values ('1015','SAN MARCOS',28);
insert into `municipio`(`ID`,`NOMBRE`,`ID_DEPTO`) values ('1016','SAN ONOFRE',28);
insert into `municipio`(`ID`,`NOMBRE`,`ID_DEPTO`) values ('1017','SAN PEDRO',28);
insert into `municipio`(`ID`,`NOMBRE`,`ID_DEPTO`) values ('1018','SAN LUIS DE SINCE',28);
insert into `municipio`(`ID`,`NOMBRE`,`ID_DEPTO`) values ('1019','SUCRE',28);
insert into `municipio`(`ID`,`NOMBRE`,`ID_DEPTO`) values ('102','SAN FRANCISCO',2);
insert into `municipio`(`ID`,`NOMBRE`,`ID_DEPTO`) values ('1020','SANTIAGO DE TOLU',28);
insert into `municipio`(`ID`,`NOMBRE`,`ID_DEPTO`) values ('1021','TOLU VIEJO',28);
insert into `municipio`(`ID`,`NOMBRE`,`ID_DEPTO`) values ('1022','IBAGUE',29);
insert into `municipio`(`ID`,`NOMBRE`,`ID_DEPTO`) values ('1023','ALPUJARRA',29);
insert into `municipio`(`ID`,`NOMBRE`,`ID_DEPTO`) values ('1024','ALVARADO',29);
insert into `municipio`(`ID`,`NOMBRE`,`ID_DEPTO`) values ('1025','AMBALEMA',29);
insert into `municipio`(`ID`,`NOMBRE`,`ID_DEPTO`) values ('1026','ANZOATEGUI',29);
insert into `municipio`(`ID`,`NOMBRE`,`ID_DEPTO`) values ('1027','ARMERO',29);
insert into `municipio`(`ID`,`NOMBRE`,`ID_DEPTO`) values ('1028','ATACO',29);
insert into `municipio`(`ID`,`NOMBRE`,`ID_DEPTO`) values ('1029','CAJAMARCA',29);
insert into `municipio`(`ID`,`NOMBRE`,`ID_DEPTO`) values ('103','SAN JERONIMO',2);
insert into `municipio`(`ID`,`NOMBRE`,`ID_DEPTO`) values ('1030','CARMEN DE APICALA',29);
insert into `municipio`(`ID`,`NOMBRE`,`ID_DEPTO`) values ('1031','CASABIANCA',29);
insert into `municipio`(`ID`,`NOMBRE`,`ID_DEPTO`) values ('1032','CHAPARRAL',29);
insert into `municipio`(`ID`,`NOMBRE`,`ID_DEPTO`) values ('1033','COELLO',29);
insert into `municipio`(`ID`,`NOMBRE`,`ID_DEPTO`) values ('1034','COYAIMA',29);
insert into `municipio`(`ID`,`NOMBRE`,`ID_DEPTO`) values ('1035','CUNDAY',29);
insert into `municipio`(`ID`,`NOMBRE`,`ID_DEPTO`) values ('1036','DOLORES',29);
insert into `municipio`(`ID`,`NOMBRE`,`ID_DEPTO`) values ('1037','ESPINAL',29);
insert into `municipio`(`ID`,`NOMBRE`,`ID_DEPTO`) values ('1038','FALAN',29);
insert into `municipio`(`ID`,`NOMBRE`,`ID_DEPTO`) values ('1039','FLANDES',29);
insert into `municipio`(`ID`,`NOMBRE`,`ID_DEPTO`) values ('104','SAN JOSE DE LA MONTAÑA',2);
insert into `municipio`(`ID`,`NOMBRE`,`ID_DEPTO`) values ('1040','FRESNO',29);
insert into `municipio`(`ID`,`NOMBRE`,`ID_DEPTO`) values ('1041','GUAMO',29);
insert into `municipio`(`ID`,`NOMBRE`,`ID_DEPTO`) values ('1042','HERVEO',29);
insert into `municipio`(`ID`,`NOMBRE`,`ID_DEPTO`) values ('1043','HONDA',29);
insert into `municipio`(`ID`,`NOMBRE`,`ID_DEPTO`) values ('1044','ICONONZO',29);
insert into `municipio`(`ID`,`NOMBRE`,`ID_DEPTO`) values ('1045','LERIDA',29);
insert into `municipio`(`ID`,`NOMBRE`,`ID_DEPTO`) values ('1046','LIBANO',29);
insert into `municipio`(`ID`,`NOMBRE`,`ID_DEPTO`) values ('1047','MARIQUITA',29);
insert into `municipio`(`ID`,`NOMBRE`,`ID_DEPTO`) values ('1048','MELGAR',29);
insert into `municipio`(`ID`,`NOMBRE`,`ID_DEPTO`) values ('1049','MURILLO',29);
insert into `municipio`(`ID`,`NOMBRE`,`ID_DEPTO`) values ('105','SAN JUAN DE URABA',2);
insert into `municipio`(`ID`,`NOMBRE`,`ID_DEPTO`) values ('1050','NATAGAIMA',29);
insert into `municipio`(`ID`,`NOMBRE`,`ID_DEPTO`) values ('1051','ORTEGA',29);
insert into `municipio`(`ID`,`NOMBRE`,`ID_DEPTO`) values ('1052','PALOCABILDO',29);
insert into `municipio`(`ID`,`NOMBRE`,`ID_DEPTO`) values ('1053','PIEDRAS',29);
insert into `municipio`(`ID`,`NOMBRE`,`ID_DEPTO`) values ('1054','PLANADAS',29);
insert into `municipio`(`ID`,`NOMBRE`,`ID_DEPTO`) values ('1055','PRADO',29);
insert into `municipio`(`ID`,`NOMBRE`,`ID_DEPTO`) values ('1056','PURIFICACION',29);
insert into `municipio`(`ID`,`NOMBRE`,`ID_DEPTO`) values ('1057','RIOBLANCO',29);
insert into `municipio`(`ID`,`NOMBRE`,`ID_DEPTO`) values ('1058','RONCESVALLES',29);
insert into `municipio`(`ID`,`NOMBRE`,`ID_DEPTO`) values ('1059','ROVIRA',29);
insert into `municipio`(`ID`,`NOMBRE`,`ID_DEPTO`) values ('106','SAN LUIS',2);
insert into `municipio`(`ID`,`NOMBRE`,`ID_DEPTO`) values ('1060','SALDAÑA',29);
insert into `municipio`(`ID`,`NOMBRE`,`ID_DEPTO`) values ('1061','SAN ANTONIO',29);
insert into `municipio`(`ID`,`NOMBRE`,`ID_DEPTO`) values ('1062','SAN LUIS',29);
insert into `municipio`(`ID`,`NOMBRE`,`ID_DEPTO`) values ('1063','SANTA ISABEL',29);
insert into `municipio`(`ID`,`NOMBRE`,`ID_DEPTO`) values ('1064','SUAREZ',29);
insert into `municipio`(`ID`,`NOMBRE`,`ID_DEPTO`) values ('1065','VALLE DE SAN JUAN',29);
insert into `municipio`(`ID`,`NOMBRE`,`ID_DEPTO`) values ('1066','VENADILLO',29);
insert into `municipio`(`ID`,`NOMBRE`,`ID_DEPTO`) values ('1067','VILLAHERMOSA',29);
insert into `municipio`(`ID`,`NOMBRE`,`ID_DEPTO`) values ('1068','VILLARRICA',29);
insert into `municipio`(`ID`,`NOMBRE`,`ID_DEPTO`) values ('1069','CALI',30);
insert into `municipio`(`ID`,`NOMBRE`,`ID_DEPTO`) values ('107','SAN PEDRO',2);
insert into `municipio`(`ID`,`NOMBRE`,`ID_DEPTO`) values ('1070','ALCALA',30);
insert into `municipio`(`ID`,`NOMBRE`,`ID_DEPTO`) values ('1071','ANDALUCIA',30);
insert into `municipio`(`ID`,`NOMBRE`,`ID_DEPTO`) values ('1072','ANSERMANUEVO',30);
insert into `municipio`(`ID`,`NOMBRE`,`ID_DEPTO`) values ('1073','ARGELIA',30);
insert into `municipio`(`ID`,`NOMBRE`,`ID_DEPTO`) values ('1074','BOLIVAR',30);
insert into `municipio`(`ID`,`NOMBRE`,`ID_DEPTO`) values ('1075','BUENAVENTURA',30);
insert into `municipio`(`ID`,`NOMBRE`,`ID_DEPTO`) values ('1076','GUADALAJARA DE BUGA',30);
insert into `municipio`(`ID`,`NOMBRE`,`ID_DEPTO`) values ('1077','BUGALAGRANDE',30);
insert into `municipio`(`ID`,`NOMBRE`,`ID_DEPTO`) values ('1078','CAICEDONIA',30);
insert into `municipio`(`ID`,`NOMBRE`,`ID_DEPTO`) values ('1079','CALIMA',30);
insert into `municipio`(`ID`,`NOMBRE`,`ID_DEPTO`) values ('108','SAN PEDRO DE URABA',2);
insert into `municipio`(`ID`,`NOMBRE`,`ID_DEPTO`) values ('1080','CANDELARIA',30);
insert into `municipio`(`ID`,`NOMBRE`,`ID_DEPTO`) values ('1081','CARTAGO',30);
insert into `municipio`(`ID`,`NOMBRE`,`ID_DEPTO`) values ('1082','DAGUA',30);
insert into `municipio`(`ID`,`NOMBRE`,`ID_DEPTO`) values ('1083','EL AGUILA',30);
insert into `municipio`(`ID`,`NOMBRE`,`ID_DEPTO`) values ('1084','EL CAIRO',30);
insert into `municipio`(`ID`,`NOMBRE`,`ID_DEPTO`) values ('1085','EL CERRITO',30);
insert into `municipio`(`ID`,`NOMBRE`,`ID_DEPTO`) values ('1086','EL DOVIO',30);
insert into `municipio`(`ID`,`NOMBRE`,`ID_DEPTO`) values ('1087','FLORIDA',30);
insert into `municipio`(`ID`,`NOMBRE`,`ID_DEPTO`) values ('1088','GINEBRA',30);
insert into `municipio`(`ID`,`NOMBRE`,`ID_DEPTO`) values ('1089','GUACARI',30);
insert into `municipio`(`ID`,`NOMBRE`,`ID_DEPTO`) values ('109','SAN RAFAEL',2);
insert into `municipio`(`ID`,`NOMBRE`,`ID_DEPTO`) values ('1090','JAMUNDI',30);
insert into `municipio`(`ID`,`NOMBRE`,`ID_DEPTO`) values ('1091','LA CUMBRE',30);
insert into `municipio`(`ID`,`NOMBRE`,`ID_DEPTO`) values ('1092','LA UNION',30);
insert into `municipio`(`ID`,`NOMBRE`,`ID_DEPTO`) values ('1093','LA VICTORIA',30);
insert into `municipio`(`ID`,`NOMBRE`,`ID_DEPTO`) values ('1094','OBANDO',30);
insert into `municipio`(`ID`,`NOMBRE`,`ID_DEPTO`) values ('1095','PALMIRA',30);
insert into `municipio`(`ID`,`NOMBRE`,`ID_DEPTO`) values ('1096','PRADERA',30);
insert into `municipio`(`ID`,`NOMBRE`,`ID_DEPTO`) values ('1097','RESTREPO',30);
insert into `municipio`(`ID`,`NOMBRE`,`ID_DEPTO`) values ('1098','RIOFRIO',30);
insert into `municipio`(`ID`,`NOMBRE`,`ID_DEPTO`) values ('1099','ROLDANILLO',30);
insert into `municipio`(`ID`,`NOMBRE`,`ID_DEPTO`) values ('11','TARAPACA',1);
insert into `municipio`(`ID`,`NOMBRE`,`ID_DEPTO`) values ('110','SAN ROQUE',2);
insert into `municipio`(`ID`,`NOMBRE`,`ID_DEPTO`) values ('1100','SAN PEDRO',30);
insert into `municipio`(`ID`,`NOMBRE`,`ID_DEPTO`) values ('1101','SEVILLA',30);
insert into `municipio`(`ID`,`NOMBRE`,`ID_DEPTO`) values ('1102','TORO',30);
insert into `municipio`(`ID`,`NOMBRE`,`ID_DEPTO`) values ('1103','TRUJILLO',30);
insert into `municipio`(`ID`,`NOMBRE`,`ID_DEPTO`) values ('1104','TULUA',30);
insert into `municipio`(`ID`,`NOMBRE`,`ID_DEPTO`) values ('1105','ULLOA',30);
insert into `municipio`(`ID`,`NOMBRE`,`ID_DEPTO`) values ('1106','VERSALLES',30);
insert into `municipio`(`ID`,`NOMBRE`,`ID_DEPTO`) values ('1107','VIJES',30);
insert into `municipio`(`ID`,`NOMBRE`,`ID_DEPTO`) values ('1108','YOTOCO',30);
insert into `municipio`(`ID`,`NOMBRE`,`ID_DEPTO`) values ('1109','YUMBO',30);
insert into `municipio`(`ID`,`NOMBRE`,`ID_DEPTO`) values ('111','SAN VICENTE',2);
insert into `municipio`(`ID`,`NOMBRE`,`ID_DEPTO`) values ('1110','ZARZAL',30);
insert into `municipio`(`ID`,`NOMBRE`,`ID_DEPTO`) values ('1111','MITU',31);
insert into `municipio`(`ID`,`NOMBRE`,`ID_DEPTO`) values ('1112','CARURU',31);
insert into `municipio`(`ID`,`NOMBRE`,`ID_DEPTO`) values ('1113','PACOA',31);
insert into `municipio`(`ID`,`NOMBRE`,`ID_DEPTO`) values ('1114','TARAIRA',31);
insert into `municipio`(`ID`,`NOMBRE`,`ID_DEPTO`) values ('1115','PAPUNAUA',31);
insert into `municipio`(`ID`,`NOMBRE`,`ID_DEPTO`) values ('1116','YAVARATE',31);
insert into `municipio`(`ID`,`NOMBRE`,`ID_DEPTO`) values ('1117','PUERTO CARREÑO',32);
insert into `municipio`(`ID`,`NOMBRE`,`ID_DEPTO`) values ('1118','LA PRIMAVERA',32);
insert into `municipio`(`ID`,`NOMBRE`,`ID_DEPTO`) values ('1119','SANTA ROSALIA',32);
insert into `municipio`(`ID`,`NOMBRE`,`ID_DEPTO`) values ('112','SANTA BARBARA',2);
insert into `municipio`(`ID`,`NOMBRE`,`ID_DEPTO`) values ('1120','CUMARIBO',32);
insert into `municipio`(`ID`,`NOMBRE`,`ID_DEPTO`) values ('113','SANTA ROSA DE OSOS',2);
insert into `municipio`(`ID`,`NOMBRE`,`ID_DEPTO`) values ('114','SANTO DOMINGO',2);
insert into `municipio`(`ID`,`NOMBRE`,`ID_DEPTO`) values ('115','EL SANTUARIO',2);
insert into `municipio`(`ID`,`NOMBRE`,`ID_DEPTO`) values ('116','SEGOVIA',2);
insert into `municipio`(`ID`,`NOMBRE`,`ID_DEPTO`) values ('117','SONSON',2);
insert into `municipio`(`ID`,`NOMBRE`,`ID_DEPTO`) values ('118','SOPETRAN',2);
insert into `municipio`(`ID`,`NOMBRE`,`ID_DEPTO`) values ('119','TAMESIS',2);
insert into `municipio`(`ID`,`NOMBRE`,`ID_DEPTO`) values ('12','MEDELLIN',2);
insert into `municipio`(`ID`,`NOMBRE`,`ID_DEPTO`) values ('120','TARAZA',2);
insert into `municipio`(`ID`,`NOMBRE`,`ID_DEPTO`) values ('121','TARSO',2);
insert into `municipio`(`ID`,`NOMBRE`,`ID_DEPTO`) values ('122','TITIRIBI',2);
insert into `municipio`(`ID`,`NOMBRE`,`ID_DEPTO`) values ('123','TOLEDO',2);
insert into `municipio`(`ID`,`NOMBRE`,`ID_DEPTO`) values ('124','TURBO',2);
insert into `municipio`(`ID`,`NOMBRE`,`ID_DEPTO`) values ('125','URAMITA',2);
insert into `municipio`(`ID`,`NOMBRE`,`ID_DEPTO`) values ('126','URRAO',2);
insert into `municipio`(`ID`,`NOMBRE`,`ID_DEPTO`) values ('127','VALDIVIA',2);
insert into `municipio`(`ID`,`NOMBRE`,`ID_DEPTO`) values ('128','VALPARAISO',2);
insert into `municipio`(`ID`,`NOMBRE`,`ID_DEPTO`) values ('129','VEGACHI',2);
insert into `municipio`(`ID`,`NOMBRE`,`ID_DEPTO`) values ('13','ABEJORRAL',2);
insert into `municipio`(`ID`,`NOMBRE`,`ID_DEPTO`) values ('130','VENECIA',2);
insert into `municipio`(`ID`,`NOMBRE`,`ID_DEPTO`) values ('131','VIGIA DEL FUERTE',2);
insert into `municipio`(`ID`,`NOMBRE`,`ID_DEPTO`) values ('132','YALI',2);
insert into `municipio`(`ID`,`NOMBRE`,`ID_DEPTO`) values ('133','YARUMAL',2);
insert into `municipio`(`ID`,`NOMBRE`,`ID_DEPTO`) values ('134','YOLOMBO',2);
insert into `municipio`(`ID`,`NOMBRE`,`ID_DEPTO`) values ('135','YONDO',2);
insert into `municipio`(`ID`,`NOMBRE`,`ID_DEPTO`) values ('136','ZARAGOZA',2);
insert into `municipio`(`ID`,`NOMBRE`,`ID_DEPTO`) values ('137','ARAUCA',3);
insert into `municipio`(`ID`,`NOMBRE`,`ID_DEPTO`) values ('138','ARAUQUITA',3);
insert into `municipio`(`ID`,`NOMBRE`,`ID_DEPTO`) values ('139','CRAVO NORTE',3);
insert into `municipio`(`ID`,`NOMBRE`,`ID_DEPTO`) values ('14','ABRIAQUI',2);
insert into `municipio`(`ID`,`NOMBRE`,`ID_DEPTO`) values ('140','FORTUL',3);
insert into `municipio`(`ID`,`NOMBRE`,`ID_DEPTO`) values ('141','PUERTO RONDON',3);
insert into `municipio`(`ID`,`NOMBRE`,`ID_DEPTO`) values ('142','SARAVENA',3);
insert into `municipio`(`ID`,`NOMBRE`,`ID_DEPTO`) values ('143','TAME',3);
insert into `municipio`(`ID`,`NOMBRE`,`ID_DEPTO`) values ('144','BARRANQUILLA',4);
insert into `municipio`(`ID`,`NOMBRE`,`ID_DEPTO`) values ('145','BARANOA',4);
insert into `municipio`(`ID`,`NOMBRE`,`ID_DEPTO`) values ('146','CAMPO DE LA CRUZ',4);
insert into `municipio`(`ID`,`NOMBRE`,`ID_DEPTO`) values ('147','CANDELARIA',4);
insert into `municipio`(`ID`,`NOMBRE`,`ID_DEPTO`) values ('148','GALAPA',4);
insert into `municipio`(`ID`,`NOMBRE`,`ID_DEPTO`) values ('149','JUAN DE ACOSTA',4);
insert into `municipio`(`ID`,`NOMBRE`,`ID_DEPTO`) values ('15','ALEJANDRIA',2);
insert into `municipio`(`ID`,`NOMBRE`,`ID_DEPTO`) values ('150','LURUACO',4);
insert into `municipio`(`ID`,`NOMBRE`,`ID_DEPTO`) values ('151','MALAMBO',4);
insert into `municipio`(`ID`,`NOMBRE`,`ID_DEPTO`) values ('152','MANATI',4);
insert into `municipio`(`ID`,`NOMBRE`,`ID_DEPTO`) values ('153','PALMAR DE VARELA',4);
insert into `municipio`(`ID`,`NOMBRE`,`ID_DEPTO`) values ('154','PIOJO',4);
insert into `municipio`(`ID`,`NOMBRE`,`ID_DEPTO`) values ('155','POLONUEVO',4);
insert into `municipio`(`ID`,`NOMBRE`,`ID_DEPTO`) values ('156','PONEDERA',4);
insert into `municipio`(`ID`,`NOMBRE`,`ID_DEPTO`) values ('157','PUERTO COLOMBIA',4);
insert into `municipio`(`ID`,`NOMBRE`,`ID_DEPTO`) values ('158','REPELON',4);
insert into `municipio`(`ID`,`NOMBRE`,`ID_DEPTO`) values ('159','SABANAGRANDE',4);
insert into `municipio`(`ID`,`NOMBRE`,`ID_DEPTO`) values ('16','AMAGA',2);
insert into `municipio`(`ID`,`NOMBRE`,`ID_DEPTO`) values ('160','SABANALARGA',4);
insert into `municipio`(`ID`,`NOMBRE`,`ID_DEPTO`) values ('161','SANTA LUCIA',4);
insert into `municipio`(`ID`,`NOMBRE`,`ID_DEPTO`) values ('162','SANTO TOMAS',4);
insert into `municipio`(`ID`,`NOMBRE`,`ID_DEPTO`) values ('163','SOLEDAD',4);
insert into `municipio`(`ID`,`NOMBRE`,`ID_DEPTO`) values ('164','SUAN',4);
insert into `municipio`(`ID`,`NOMBRE`,`ID_DEPTO`) values ('165','TUBARA',4);
insert into `municipio`(`ID`,`NOMBRE`,`ID_DEPTO`) values ('166','USIACURI',4);
insert into `municipio`(`ID`,`NOMBRE`,`ID_DEPTO`) values ('167','CARTAGENA',5);
insert into `municipio`(`ID`,`NOMBRE`,`ID_DEPTO`) values ('168','ACHI',5);
insert into `municipio`(`ID`,`NOMBRE`,`ID_DEPTO`) values ('169','ALTOS DEL ROSARIO',5);
insert into `municipio`(`ID`,`NOMBRE`,`ID_DEPTO`) values ('17','AMALFI',2);
insert into `municipio`(`ID`,`NOMBRE`,`ID_DEPTO`) values ('170','ARENAL',5);
insert into `municipio`(`ID`,`NOMBRE`,`ID_DEPTO`) values ('171','ARJONA',5);
insert into `municipio`(`ID`,`NOMBRE`,`ID_DEPTO`) values ('172','ARROYOHONDO',5);
insert into `municipio`(`ID`,`NOMBRE`,`ID_DEPTO`) values ('173','BARRANCO DE LOBA',5);
insert into `municipio`(`ID`,`NOMBRE`,`ID_DEPTO`) values ('174','CALAMAR',5);
insert into `municipio`(`ID`,`NOMBRE`,`ID_DEPTO`) values ('175','CANTAGALLO',5);
insert into `municipio`(`ID`,`NOMBRE`,`ID_DEPTO`) values ('176','CICUCO',5);
insert into `municipio`(`ID`,`NOMBRE`,`ID_DEPTO`) values ('177','CORDOBA',5);
insert into `municipio`(`ID`,`NOMBRE`,`ID_DEPTO`) values ('178','CLEMENCIA',5);
insert into `municipio`(`ID`,`NOMBRE`,`ID_DEPTO`) values ('179','EL CARMEN DE BOLIVAR',5);
insert into `municipio`(`ID`,`NOMBRE`,`ID_DEPTO`) values ('18','ANDES',2);
insert into `municipio`(`ID`,`NOMBRE`,`ID_DEPTO`) values ('180','EL GUAMO',5);
insert into `municipio`(`ID`,`NOMBRE`,`ID_DEPTO`) values ('181','EL PEÑON',5);
insert into `municipio`(`ID`,`NOMBRE`,`ID_DEPTO`) values ('182','HATILLO DE LOBA',5);
insert into `municipio`(`ID`,`NOMBRE`,`ID_DEPTO`) values ('183','MAGANGUE',5);
insert into `municipio`(`ID`,`NOMBRE`,`ID_DEPTO`) values ('184','MAHATES',5);
insert into `municipio`(`ID`,`NOMBRE`,`ID_DEPTO`) values ('185','MARGARITA',5);
insert into `municipio`(`ID`,`NOMBRE`,`ID_DEPTO`) values ('186','MARIA LA BAJA',5);
insert into `municipio`(`ID`,`NOMBRE`,`ID_DEPTO`) values ('187','MONTECRISTO',5);
insert into `municipio`(`ID`,`NOMBRE`,`ID_DEPTO`) values ('188','MOMPOS',5);
insert into `municipio`(`ID`,`NOMBRE`,`ID_DEPTO`) values ('189','NOROSI',5);
insert into `municipio`(`ID`,`NOMBRE`,`ID_DEPTO`) values ('19','ANGELOPOLIS',2);
insert into `municipio`(`ID`,`NOMBRE`,`ID_DEPTO`) values ('190','MORALES',5);
insert into `municipio`(`ID`,`NOMBRE`,`ID_DEPTO`) values ('191','PINILLOS',5);
insert into `municipio`(`ID`,`NOMBRE`,`ID_DEPTO`) values ('192','REGIDOR',5);
insert into `municipio`(`ID`,`NOMBRE`,`ID_DEPTO`) values ('193','RIO VIEJO',5);
insert into `municipio`(`ID`,`NOMBRE`,`ID_DEPTO`) values ('194','SAN CRISTOBAL',5);
insert into `municipio`(`ID`,`NOMBRE`,`ID_DEPTO`) values ('195','SAN ESTANISLAO',5);
insert into `municipio`(`ID`,`NOMBRE`,`ID_DEPTO`) values ('196','SAN FERNANDO',5);
insert into `municipio`(`ID`,`NOMBRE`,`ID_DEPTO`) values ('197','SAN JACINTO',5);
insert into `municipio`(`ID`,`NOMBRE`,`ID_DEPTO`) values ('198','SAN JACINTO DEL CAUCA',5);
insert into `municipio`(`ID`,`NOMBRE`,`ID_DEPTO`) values ('199','SAN JUAN NEPOMUCENO',5);
insert into `municipio`(`ID`,`NOMBRE`,`ID_DEPTO`) values ('2','EL ENCANTO',1);
insert into `municipio`(`ID`,`NOMBRE`,`ID_DEPTO`) values ('20','ANGOSTURA',2);
insert into `municipio`(`ID`,`NOMBRE`,`ID_DEPTO`) values ('200','SAN MARTIN DE LOBA',5);
insert into `municipio`(`ID`,`NOMBRE`,`ID_DEPTO`) values ('201','SAN PABLO',5);
insert into `municipio`(`ID`,`NOMBRE`,`ID_DEPTO`) values ('202','SANTA CATALINA',5);
insert into `municipio`(`ID`,`NOMBRE`,`ID_DEPTO`) values ('203','SANTA ROSA',5);
insert into `municipio`(`ID`,`NOMBRE`,`ID_DEPTO`) values ('204','SANTA ROSA DEL SUR',5);
insert into `municipio`(`ID`,`NOMBRE`,`ID_DEPTO`) values ('205','SIMITI',5);
insert into `municipio`(`ID`,`NOMBRE`,`ID_DEPTO`) values ('206','SOPLAVIENTO',5);
insert into `municipio`(`ID`,`NOMBRE`,`ID_DEPTO`) values ('207','TALAIGUA NUEVO',5);
insert into `municipio`(`ID`,`NOMBRE`,`ID_DEPTO`) values ('208','TIQUISIO',5);
insert into `municipio`(`ID`,`NOMBRE`,`ID_DEPTO`) values ('209','TURBACO',5);
insert into `municipio`(`ID`,`NOMBRE`,`ID_DEPTO`) values ('21','ANORI',2);
insert into `municipio`(`ID`,`NOMBRE`,`ID_DEPTO`) values ('210','TURBANA',5);
insert into `municipio`(`ID`,`NOMBRE`,`ID_DEPTO`) values ('211','VILLANUEVA',5);
insert into `municipio`(`ID`,`NOMBRE`,`ID_DEPTO`) values ('212','ZAMBRANO',5);
insert into `municipio`(`ID`,`NOMBRE`,`ID_DEPTO`) values ('213','TUNJA',6);
insert into `municipio`(`ID`,`NOMBRE`,`ID_DEPTO`) values ('214','ALMEIDA',6);
insert into `municipio`(`ID`,`NOMBRE`,`ID_DEPTO`) values ('215','AQUITANIA',6);
insert into `municipio`(`ID`,`NOMBRE`,`ID_DEPTO`) values ('216','ARCABUCO',6);
insert into `municipio`(`ID`,`NOMBRE`,`ID_DEPTO`) values ('217','BELEN',6);
insert into `municipio`(`ID`,`NOMBRE`,`ID_DEPTO`) values ('218','BERBEO',6);
insert into `municipio`(`ID`,`NOMBRE`,`ID_DEPTO`) values ('219','BETEITIVA',6);
insert into `municipio`(`ID`,`NOMBRE`,`ID_DEPTO`) values ('22','SANTAFE DE ANTIOQUIA',2);
insert into `municipio`(`ID`,`NOMBRE`,`ID_DEPTO`) values ('220','BOAVITA',6);
insert into `municipio`(`ID`,`NOMBRE`,`ID_DEPTO`) values ('221','BOYACA',6);
insert into `municipio`(`ID`,`NOMBRE`,`ID_DEPTO`) values ('222','BRICEÑO',6);
insert into `municipio`(`ID`,`NOMBRE`,`ID_DEPTO`) values ('223','BUENAVISTA',6);
insert into `municipio`(`ID`,`NOMBRE`,`ID_DEPTO`) values ('224','BUSBANZA',6);
insert into `municipio`(`ID`,`NOMBRE`,`ID_DEPTO`) values ('225','CALDAS',6);
insert into `municipio`(`ID`,`NOMBRE`,`ID_DEPTO`) values ('226','CAMPOHERMOSO',6);
insert into `municipio`(`ID`,`NOMBRE`,`ID_DEPTO`) values ('227','CERINZA',6);
insert into `municipio`(`ID`,`NOMBRE`,`ID_DEPTO`) values ('228','CHINAVITA',6);
insert into `municipio`(`ID`,`NOMBRE`,`ID_DEPTO`) values ('229','CHIQUINQUIRA',6);
insert into `municipio`(`ID`,`NOMBRE`,`ID_DEPTO`) values ('23','ANZA',2);
insert into `municipio`(`ID`,`NOMBRE`,`ID_DEPTO`) values ('230','CHISCAS',6);
insert into `municipio`(`ID`,`NOMBRE`,`ID_DEPTO`) values ('231','CHITA',6);
insert into `municipio`(`ID`,`NOMBRE`,`ID_DEPTO`) values ('232','CHITARAQUE',6);
insert into `municipio`(`ID`,`NOMBRE`,`ID_DEPTO`) values ('233','CHIVATA',6);
insert into `municipio`(`ID`,`NOMBRE`,`ID_DEPTO`) values ('234','CIENEGA',6);
insert into `municipio`(`ID`,`NOMBRE`,`ID_DEPTO`) values ('235','COMBITA',6);
insert into `municipio`(`ID`,`NOMBRE`,`ID_DEPTO`) values ('236','COPER',6);
insert into `municipio`(`ID`,`NOMBRE`,`ID_DEPTO`) values ('237','CORRALES',6);
insert into `municipio`(`ID`,`NOMBRE`,`ID_DEPTO`) values ('238','COVARACHIA',6);
insert into `municipio`(`ID`,`NOMBRE`,`ID_DEPTO`) values ('239','CUBARA',6);
insert into `municipio`(`ID`,`NOMBRE`,`ID_DEPTO`) values ('24','APARTADO',2);
insert into `municipio`(`ID`,`NOMBRE`,`ID_DEPTO`) values ('240','CUCAITA',6);
insert into `municipio`(`ID`,`NOMBRE`,`ID_DEPTO`) values ('241','CUITIVA',6);
insert into `municipio`(`ID`,`NOMBRE`,`ID_DEPTO`) values ('242','CHIQUIZA',6);
insert into `municipio`(`ID`,`NOMBRE`,`ID_DEPTO`) values ('243','CHIVOR',6);
insert into `municipio`(`ID`,`NOMBRE`,`ID_DEPTO`) values ('244','DUITAMA',6);
insert into `municipio`(`ID`,`NOMBRE`,`ID_DEPTO`) values ('245','EL COCUY',6);
insert into `municipio`(`ID`,`NOMBRE`,`ID_DEPTO`) values ('246','EL ESPINO',6);
insert into `municipio`(`ID`,`NOMBRE`,`ID_DEPTO`) values ('247','FIRAVITOBA',6);
insert into `municipio`(`ID`,`NOMBRE`,`ID_DEPTO`) values ('248','FLORESTA',6);
insert into `municipio`(`ID`,`NOMBRE`,`ID_DEPTO`) values ('249','GACHANTIVA',6);
insert into `municipio`(`ID`,`NOMBRE`,`ID_DEPTO`) values ('25','ARBOLETES',2);
insert into `municipio`(`ID`,`NOMBRE`,`ID_DEPTO`) values ('250','GAMEZA',6);
insert into `municipio`(`ID`,`NOMBRE`,`ID_DEPTO`) values ('251','GARAGOA',6);
insert into `municipio`(`ID`,`NOMBRE`,`ID_DEPTO`) values ('252','GUACAMAYAS',6);
insert into `municipio`(`ID`,`NOMBRE`,`ID_DEPTO`) values ('253','GUATEQUE',6);
insert into `municipio`(`ID`,`NOMBRE`,`ID_DEPTO`) values ('254','GUAYATA',6);
insert into `municipio`(`ID`,`NOMBRE`,`ID_DEPTO`) values ('255','GsICAN',6);
insert into `municipio`(`ID`,`NOMBRE`,`ID_DEPTO`) values ('256','IZA',6);
insert into `municipio`(`ID`,`NOMBRE`,`ID_DEPTO`) values ('257','JENESANO',6);
insert into `municipio`(`ID`,`NOMBRE`,`ID_DEPTO`) values ('258','JERICO',6);
insert into `municipio`(`ID`,`NOMBRE`,`ID_DEPTO`) values ('259','LABRANZAGRANDE',6);
insert into `municipio`(`ID`,`NOMBRE`,`ID_DEPTO`) values ('26','ARGELIA',2);
insert into `municipio`(`ID`,`NOMBRE`,`ID_DEPTO`) values ('260','LA CAPILLA',6);
insert into `municipio`(`ID`,`NOMBRE`,`ID_DEPTO`) values ('261','LA VICTORIA',6);
insert into `municipio`(`ID`,`NOMBRE`,`ID_DEPTO`) values ('262','LA UVITA',6);
insert into `municipio`(`ID`,`NOMBRE`,`ID_DEPTO`) values ('263','VILLA DE LEYVA',6);
insert into `municipio`(`ID`,`NOMBRE`,`ID_DEPTO`) values ('264','MACANAL',6);
insert into `municipio`(`ID`,`NOMBRE`,`ID_DEPTO`) values ('265','MARIPI',6);
insert into `municipio`(`ID`,`NOMBRE`,`ID_DEPTO`) values ('266','MIRAFLORES',6);
insert into `municipio`(`ID`,`NOMBRE`,`ID_DEPTO`) values ('267','MONGUA',6);
insert into `municipio`(`ID`,`NOMBRE`,`ID_DEPTO`) values ('268','MONGUI',6);
insert into `municipio`(`ID`,`NOMBRE`,`ID_DEPTO`) values ('269','MONIQUIRA',6);
insert into `municipio`(`ID`,`NOMBRE`,`ID_DEPTO`) values ('27','ARMENIA',2);
insert into `municipio`(`ID`,`NOMBRE`,`ID_DEPTO`) values ('270','MOTAVITA',6);
insert into `municipio`(`ID`,`NOMBRE`,`ID_DEPTO`) values ('271','MUZO',6);
insert into `municipio`(`ID`,`NOMBRE`,`ID_DEPTO`) values ('272','NOBSA',6);
insert into `municipio`(`ID`,`NOMBRE`,`ID_DEPTO`) values ('273','NUEVO COLON',6);
insert into `municipio`(`ID`,`NOMBRE`,`ID_DEPTO`) values ('274','OICATA',6);
insert into `municipio`(`ID`,`NOMBRE`,`ID_DEPTO`) values ('275','OTANCHE',6);
insert into `municipio`(`ID`,`NOMBRE`,`ID_DEPTO`) values ('276','PACHAVITA',6);
insert into `municipio`(`ID`,`NOMBRE`,`ID_DEPTO`) values ('277','PAEZ',6);
insert into `municipio`(`ID`,`NOMBRE`,`ID_DEPTO`) values ('278','PAIPA',6);
insert into `municipio`(`ID`,`NOMBRE`,`ID_DEPTO`) values ('279','PAJARITO',6);
insert into `municipio`(`ID`,`NOMBRE`,`ID_DEPTO`) values ('28','BARBOSA',2);
insert into `municipio`(`ID`,`NOMBRE`,`ID_DEPTO`) values ('280','PANQUEBA',6);
insert into `municipio`(`ID`,`NOMBRE`,`ID_DEPTO`) values ('281','PAUNA',6);
insert into `municipio`(`ID`,`NOMBRE`,`ID_DEPTO`) values ('282','PAYA',6);
insert into `municipio`(`ID`,`NOMBRE`,`ID_DEPTO`) values ('283','PAZ DE RIO',6);
insert into `municipio`(`ID`,`NOMBRE`,`ID_DEPTO`) values ('284','PESCA',6);
insert into `municipio`(`ID`,`NOMBRE`,`ID_DEPTO`) values ('285','PISBA',6);
insert into `municipio`(`ID`,`NOMBRE`,`ID_DEPTO`) values ('286','PUERTO BOYACA',6);
insert into `municipio`(`ID`,`NOMBRE`,`ID_DEPTO`) values ('287','QUIPAMA',6);
insert into `municipio`(`ID`,`NOMBRE`,`ID_DEPTO`) values ('288','RAMIRIQUI',6);
insert into `municipio`(`ID`,`NOMBRE`,`ID_DEPTO`) values ('289','RAQUIRA',6);
insert into `municipio`(`ID`,`NOMBRE`,`ID_DEPTO`) values ('29','BELMIRA',2);
insert into `municipio`(`ID`,`NOMBRE`,`ID_DEPTO`) values ('290','RONDON',6);
insert into `municipio`(`ID`,`NOMBRE`,`ID_DEPTO`) values ('291','SABOYA',6);
insert into `municipio`(`ID`,`NOMBRE`,`ID_DEPTO`) values ('292','SACHICA',6);
insert into `municipio`(`ID`,`NOMBRE`,`ID_DEPTO`) values ('293','SAMACA',6);
insert into `municipio`(`ID`,`NOMBRE`,`ID_DEPTO`) values ('294','SAN EDUARDO',6);
insert into `municipio`(`ID`,`NOMBRE`,`ID_DEPTO`) values ('295','SAN JOSE DE PARE',6);
insert into `municipio`(`ID`,`NOMBRE`,`ID_DEPTO`) values ('296','SAN LUIS DE GACENO',6);
insert into `municipio`(`ID`,`NOMBRE`,`ID_DEPTO`) values ('297','SAN MATEO',6);
insert into `municipio`(`ID`,`NOMBRE`,`ID_DEPTO`) values ('298','SAN MIGUEL DE SEMA',6);
insert into `municipio`(`ID`,`NOMBRE`,`ID_DEPTO`) values ('299','SAN PABLO DE BORBUR',6);
insert into `municipio`(`ID`,`NOMBRE`,`ID_DEPTO`) values ('3','LA CHORRERA',1);
insert into `municipio`(`ID`,`NOMBRE`,`ID_DEPTO`) values ('30','BELLO',2);
insert into `municipio`(`ID`,`NOMBRE`,`ID_DEPTO`) values ('300','SANTANA',6);
insert into `municipio`(`ID`,`NOMBRE`,`ID_DEPTO`) values ('301','SANTA MARIA',6);
insert into `municipio`(`ID`,`NOMBRE`,`ID_DEPTO`) values ('302','SANTA ROSA DE VITERBO',6);
insert into `municipio`(`ID`,`NOMBRE`,`ID_DEPTO`) values ('303','SANTA SOFIA',6);
insert into `municipio`(`ID`,`NOMBRE`,`ID_DEPTO`) values ('304','SATIVANORTE',6);
insert into `municipio`(`ID`,`NOMBRE`,`ID_DEPTO`) values ('305','SATIVASUR',6);
insert into `municipio`(`ID`,`NOMBRE`,`ID_DEPTO`) values ('306','SIACHOQUE',6);
insert into `municipio`(`ID`,`NOMBRE`,`ID_DEPTO`) values ('307','SOATA',6);
insert into `municipio`(`ID`,`NOMBRE`,`ID_DEPTO`) values ('308','SOCOTA',6);
insert into `municipio`(`ID`,`NOMBRE`,`ID_DEPTO`) values ('309','SOCHA',6);
insert into `municipio`(`ID`,`NOMBRE`,`ID_DEPTO`) values ('31','BETANIA',2);
insert into `municipio`(`ID`,`NOMBRE`,`ID_DEPTO`) values ('310','SOGAMOSO',6);
insert into `municipio`(`ID`,`NOMBRE`,`ID_DEPTO`) values ('311','SOMONDOCO',6);
insert into `municipio`(`ID`,`NOMBRE`,`ID_DEPTO`) values ('312','SORA',6);
insert into `municipio`(`ID`,`NOMBRE`,`ID_DEPTO`) values ('313','SOTAQUIRA',6);
insert into `municipio`(`ID`,`NOMBRE`,`ID_DEPTO`) values ('314','SORACA',6);
insert into `municipio`(`ID`,`NOMBRE`,`ID_DEPTO`) values ('315','SUSACON',6);
insert into `municipio`(`ID`,`NOMBRE`,`ID_DEPTO`) values ('316','SUTAMARCHAN',6);
insert into `municipio`(`ID`,`NOMBRE`,`ID_DEPTO`) values ('317','SUTATENZA',6);
insert into `municipio`(`ID`,`NOMBRE`,`ID_DEPTO`) values ('318','TASCO',6);
insert into `municipio`(`ID`,`NOMBRE`,`ID_DEPTO`) values ('319','TENZA',6);
insert into `municipio`(`ID`,`NOMBRE`,`ID_DEPTO`) values ('32','BETULIA',2);
insert into `municipio`(`ID`,`NOMBRE`,`ID_DEPTO`) values ('320','TIBANA',6);
insert into `municipio`(`ID`,`NOMBRE`,`ID_DEPTO`) values ('321','TIBASOSA',6);
insert into `municipio`(`ID`,`NOMBRE`,`ID_DEPTO`) values ('322','TINJACA',6);
insert into `municipio`(`ID`,`NOMBRE`,`ID_DEPTO`) values ('323','TIPACOQUE',6);
insert into `municipio`(`ID`,`NOMBRE`,`ID_DEPTO`) values ('324','TOCA',6);
insert into `municipio`(`ID`,`NOMBRE`,`ID_DEPTO`) values ('325','TOGsI',6);
insert into `municipio`(`ID`,`NOMBRE`,`ID_DEPTO`) values ('326','TOPAGA',6);
insert into `municipio`(`ID`,`NOMBRE`,`ID_DEPTO`) values ('327','TOTA',6);
insert into `municipio`(`ID`,`NOMBRE`,`ID_DEPTO`) values ('328','TUNUNGUA',6);
insert into `municipio`(`ID`,`NOMBRE`,`ID_DEPTO`) values ('329','TURMEQUE',6);
insert into `municipio`(`ID`,`NOMBRE`,`ID_DEPTO`) values ('33','CIUDAD BOLIVAR',2);
insert into `municipio`(`ID`,`NOMBRE`,`ID_DEPTO`) values ('330','TUTA',6);
insert into `municipio`(`ID`,`NOMBRE`,`ID_DEPTO`) values ('331','TUTAZA',6);
insert into `municipio`(`ID`,`NOMBRE`,`ID_DEPTO`) values ('332','UMBITA',6);
insert into `municipio`(`ID`,`NOMBRE`,`ID_DEPTO`) values ('333','VENTAQUEMADA',6);
insert into `municipio`(`ID`,`NOMBRE`,`ID_DEPTO`) values ('334','VIRACACHA',6);
insert into `municipio`(`ID`,`NOMBRE`,`ID_DEPTO`) values ('335','ZETAQUIRA',6);
insert into `municipio`(`ID`,`NOMBRE`,`ID_DEPTO`) values ('336','MANIZALES',7);
insert into `municipio`(`ID`,`NOMBRE`,`ID_DEPTO`) values ('337','AGUADAS',7);
insert into `municipio`(`ID`,`NOMBRE`,`ID_DEPTO`) values ('338','ANSERMA',7);
insert into `municipio`(`ID`,`NOMBRE`,`ID_DEPTO`) values ('339','ARANZAZU',7);
insert into `municipio`(`ID`,`NOMBRE`,`ID_DEPTO`) values ('34','BRICEÑO',2);
insert into `municipio`(`ID`,`NOMBRE`,`ID_DEPTO`) values ('340','BELALCAZAR',7);
insert into `municipio`(`ID`,`NOMBRE`,`ID_DEPTO`) values ('341','CHINCHINA',7);
insert into `municipio`(`ID`,`NOMBRE`,`ID_DEPTO`) values ('342','FILADELFIA',7);
insert into `municipio`(`ID`,`NOMBRE`,`ID_DEPTO`) values ('343','LA DORADA',7);
insert into `municipio`(`ID`,`NOMBRE`,`ID_DEPTO`) values ('344','LA MERCED',7);
insert into `municipio`(`ID`,`NOMBRE`,`ID_DEPTO`) values ('345','MANZANARES',7);
insert into `municipio`(`ID`,`NOMBRE`,`ID_DEPTO`) values ('346','MARMATO',7);
insert into `municipio`(`ID`,`NOMBRE`,`ID_DEPTO`) values ('347','MARQUETALIA',7);
insert into `municipio`(`ID`,`NOMBRE`,`ID_DEPTO`) values ('348','MARULANDA',7);
insert into `municipio`(`ID`,`NOMBRE`,`ID_DEPTO`) values ('349','NEIRA',7);
insert into `municipio`(`ID`,`NOMBRE`,`ID_DEPTO`) values ('35','BURITICA',2);
insert into `municipio`(`ID`,`NOMBRE`,`ID_DEPTO`) values ('350','NORCASIA',7);
insert into `municipio`(`ID`,`NOMBRE`,`ID_DEPTO`) values ('351','PACORA',7);
insert into `municipio`(`ID`,`NOMBRE`,`ID_DEPTO`) values ('352','PALESTINA',7);
insert into `municipio`(`ID`,`NOMBRE`,`ID_DEPTO`) values ('353','PENSILVANIA',7);
insert into `municipio`(`ID`,`NOMBRE`,`ID_DEPTO`) values ('354','RIOSUCIO',7);
insert into `municipio`(`ID`,`NOMBRE`,`ID_DEPTO`) values ('355','RISARALDA',7);
insert into `municipio`(`ID`,`NOMBRE`,`ID_DEPTO`) values ('356','SALAMINA',7);
insert into `municipio`(`ID`,`NOMBRE`,`ID_DEPTO`) values ('357','SAMANA',7);
insert into `municipio`(`ID`,`NOMBRE`,`ID_DEPTO`) values ('358','SAN JOSE',7);
insert into `municipio`(`ID`,`NOMBRE`,`ID_DEPTO`) values ('359','SUPIA',7);
insert into `municipio`(`ID`,`NOMBRE`,`ID_DEPTO`) values ('36','CACERES',2);
insert into `municipio`(`ID`,`NOMBRE`,`ID_DEPTO`) values ('360','VICTORIA',7);
insert into `municipio`(`ID`,`NOMBRE`,`ID_DEPTO`) values ('361','VILLAMARIA',7);
insert into `municipio`(`ID`,`NOMBRE`,`ID_DEPTO`) values ('362','VITERBO',7);
insert into `municipio`(`ID`,`NOMBRE`,`ID_DEPTO`) values ('363','FLORENCIA',8);
insert into `municipio`(`ID`,`NOMBRE`,`ID_DEPTO`) values ('364','ALBANIA',8);
insert into `municipio`(`ID`,`NOMBRE`,`ID_DEPTO`) values ('365','BELEN DE LOS ANDAQUIES',8);
insert into `municipio`(`ID`,`NOMBRE`,`ID_DEPTO`) values ('366','CARTAGENA DEL CHAIRA',8);
insert into `municipio`(`ID`,`NOMBRE`,`ID_DEPTO`) values ('367','CURILLO',8);
insert into `municipio`(`ID`,`NOMBRE`,`ID_DEPTO`) values ('368','EL DONCELLO',8);
insert into `municipio`(`ID`,`NOMBRE`,`ID_DEPTO`) values ('369','EL PAUJIL',8);
insert into `municipio`(`ID`,`NOMBRE`,`ID_DEPTO`) values ('37','CAICEDO',2);
insert into `municipio`(`ID`,`NOMBRE`,`ID_DEPTO`) values ('370','LA MONTAÑITA',8);
insert into `municipio`(`ID`,`NOMBRE`,`ID_DEPTO`) values ('371','MILAN',8);
insert into `municipio`(`ID`,`NOMBRE`,`ID_DEPTO`) values ('372','MORELIA',8);
insert into `municipio`(`ID`,`NOMBRE`,`ID_DEPTO`) values ('373','PUERTO RICO',8);
insert into `municipio`(`ID`,`NOMBRE`,`ID_DEPTO`) values ('374','SAN JOSE DEL FRAGUA',8);
insert into `municipio`(`ID`,`NOMBRE`,`ID_DEPTO`) values ('375','SAN VICENTE DEL CAGUAN',8);
insert into `municipio`(`ID`,`NOMBRE`,`ID_DEPTO`) values ('376','SOLANO',8);
insert into `municipio`(`ID`,`NOMBRE`,`ID_DEPTO`) values ('377','SOLITA',8);
insert into `municipio`(`ID`,`NOMBRE`,`ID_DEPTO`) values ('378','VALPARAISO',8);
insert into `municipio`(`ID`,`NOMBRE`,`ID_DEPTO`) values ('379','YOPAL',9);
insert into `municipio`(`ID`,`NOMBRE`,`ID_DEPTO`) values ('38','CALDAS',2);
insert into `municipio`(`ID`,`NOMBRE`,`ID_DEPTO`) values ('380','AGUAZUL',9);
insert into `municipio`(`ID`,`NOMBRE`,`ID_DEPTO`) values ('381','CHAMEZA',9);
insert into `municipio`(`ID`,`NOMBRE`,`ID_DEPTO`) values ('382','HATO COROZAL',9);
insert into `municipio`(`ID`,`NOMBRE`,`ID_DEPTO`) values ('383','LA SALINA',9);
insert into `municipio`(`ID`,`NOMBRE`,`ID_DEPTO`) values ('384','MANI',9);
insert into `municipio`(`ID`,`NOMBRE`,`ID_DEPTO`) values ('385','MONTERREY',9);
insert into `municipio`(`ID`,`NOMBRE`,`ID_DEPTO`) values ('386','NUNCHIA',9);
insert into `municipio`(`ID`,`NOMBRE`,`ID_DEPTO`) values ('387','OROCUE',9);
insert into `municipio`(`ID`,`NOMBRE`,`ID_DEPTO`) values ('388','PAZ DE ARIPORO',9);
insert into `municipio`(`ID`,`NOMBRE`,`ID_DEPTO`) values ('389','PORE',9);
insert into `municipio`(`ID`,`NOMBRE`,`ID_DEPTO`) values ('39','CAMPAMENTO',2);
insert into `municipio`(`ID`,`NOMBRE`,`ID_DEPTO`) values ('390','RECETOR',9);
insert into `municipio`(`ID`,`NOMBRE`,`ID_DEPTO`) values ('391','SABANALARGA',9);
insert into `municipio`(`ID`,`NOMBRE`,`ID_DEPTO`) values ('392','SACAMA',9);
insert into `municipio`(`ID`,`NOMBRE`,`ID_DEPTO`) values ('393','SAN LUIS DE PALENQUE',9);
insert into `municipio`(`ID`,`NOMBRE`,`ID_DEPTO`) values ('394','TAMARA',9);
insert into `municipio`(`ID`,`NOMBRE`,`ID_DEPTO`) values ('395','TAURAMENA',9);
insert into `municipio`(`ID`,`NOMBRE`,`ID_DEPTO`) values ('396','TRINIDAD',9);
insert into `municipio`(`ID`,`NOMBRE`,`ID_DEPTO`) values ('397','VILLANUEVA',9);
insert into `municipio`(`ID`,`NOMBRE`,`ID_DEPTO`) values ('398','POPAYAN',10);
insert into `municipio`(`ID`,`NOMBRE`,`ID_DEPTO`) values ('399','ALMAGUER',10);
insert into `municipio`(`ID`,`NOMBRE`,`ID_DEPTO`) values ('4','LA PEDRERA',1);
insert into `municipio`(`ID`,`NOMBRE`,`ID_DEPTO`) values ('40','CAÑASGORDAS',2);
insert into `municipio`(`ID`,`NOMBRE`,`ID_DEPTO`) values ('400','ARGELIA',10);
insert into `municipio`(`ID`,`NOMBRE`,`ID_DEPTO`) values ('401','BALBOA',10);
insert into `municipio`(`ID`,`NOMBRE`,`ID_DEPTO`) values ('402','BOLIVAR',10);
insert into `municipio`(`ID`,`NOMBRE`,`ID_DEPTO`) values ('403','BUENOS AIRES',10);
insert into `municipio`(`ID`,`NOMBRE`,`ID_DEPTO`) values ('404','CAJIBIO',10);
insert into `municipio`(`ID`,`NOMBRE`,`ID_DEPTO`) values ('405','CALDONO',10);
insert into `municipio`(`ID`,`NOMBRE`,`ID_DEPTO`) values ('406','CALOTO',10);
insert into `municipio`(`ID`,`NOMBRE`,`ID_DEPTO`) values ('407','CORINTO',10);
insert into `municipio`(`ID`,`NOMBRE`,`ID_DEPTO`) values ('408','EL TAMBO',10);
insert into `municipio`(`ID`,`NOMBRE`,`ID_DEPTO`) values ('409','FLORENCIA',10);
insert into `municipio`(`ID`,`NOMBRE`,`ID_DEPTO`) values ('41','CARACOLI',2);
insert into `municipio`(`ID`,`NOMBRE`,`ID_DEPTO`) values ('410','GUACHENE',10);
insert into `municipio`(`ID`,`NOMBRE`,`ID_DEPTO`) values ('411','GUAPI',10);
insert into `municipio`(`ID`,`NOMBRE`,`ID_DEPTO`) values ('412','INZA',10);
insert into `municipio`(`ID`,`NOMBRE`,`ID_DEPTO`) values ('413','JAMBALO',10);
insert into `municipio`(`ID`,`NOMBRE`,`ID_DEPTO`) values ('414','LA SIERRA',10);
insert into `municipio`(`ID`,`NOMBRE`,`ID_DEPTO`) values ('415','LA VEGA',10);
insert into `municipio`(`ID`,`NOMBRE`,`ID_DEPTO`) values ('416','LOPEZ',10);
insert into `municipio`(`ID`,`NOMBRE`,`ID_DEPTO`) values ('417','MERCADERES',10);
insert into `municipio`(`ID`,`NOMBRE`,`ID_DEPTO`) values ('418','MIRANDA',10);
insert into `municipio`(`ID`,`NOMBRE`,`ID_DEPTO`) values ('419','MORALES',10);
insert into `municipio`(`ID`,`NOMBRE`,`ID_DEPTO`) values ('42','CARAMANTA',2);
insert into `municipio`(`ID`,`NOMBRE`,`ID_DEPTO`) values ('420','PADILLA',10);
insert into `municipio`(`ID`,`NOMBRE`,`ID_DEPTO`) values ('421','PAEZ',10);
insert into `municipio`(`ID`,`NOMBRE`,`ID_DEPTO`) values ('422','PATIA',10);
insert into `municipio`(`ID`,`NOMBRE`,`ID_DEPTO`) values ('423','PIAMONTE',10);
insert into `municipio`(`ID`,`NOMBRE`,`ID_DEPTO`) values ('424','PIENDAMO',10);
insert into `municipio`(`ID`,`NOMBRE`,`ID_DEPTO`) values ('425','PUERTO TEJADA',10);
insert into `municipio`(`ID`,`NOMBRE`,`ID_DEPTO`) values ('426','PURACE',10);
insert into `municipio`(`ID`,`NOMBRE`,`ID_DEPTO`) values ('427','ROSAS',10);
insert into `municipio`(`ID`,`NOMBRE`,`ID_DEPTO`) values ('428','SAN SEBASTIAN',10);
insert into `municipio`(`ID`,`NOMBRE`,`ID_DEPTO`) values ('429','SANTANDER DE QUILICHAO',10);
insert into `municipio`(`ID`,`NOMBRE`,`ID_DEPTO`) values ('43','CAREPA',2);
insert into `municipio`(`ID`,`NOMBRE`,`ID_DEPTO`) values ('430','SANTA ROSA',10);
insert into `municipio`(`ID`,`NOMBRE`,`ID_DEPTO`) values ('431','SILVIA',10);
insert into `municipio`(`ID`,`NOMBRE`,`ID_DEPTO`) values ('432','SOTARA',10);
insert into `municipio`(`ID`,`NOMBRE`,`ID_DEPTO`) values ('433','SUAREZ',10);
insert into `municipio`(`ID`,`NOMBRE`,`ID_DEPTO`) values ('434','SUCRE',10);
insert into `municipio`(`ID`,`NOMBRE`,`ID_DEPTO`) values ('435','TIMBIO',10);
insert into `municipio`(`ID`,`NOMBRE`,`ID_DEPTO`) values ('436','TIMBIQUI',10);
insert into `municipio`(`ID`,`NOMBRE`,`ID_DEPTO`) values ('437','TORIBIO',10);
insert into `municipio`(`ID`,`NOMBRE`,`ID_DEPTO`) values ('438','TOTORO',10);
insert into `municipio`(`ID`,`NOMBRE`,`ID_DEPTO`) values ('439','VILLA RICA',10);
insert into `municipio`(`ID`,`NOMBRE`,`ID_DEPTO`) values ('44','EL CARMEN DE VIBORAL',2);
insert into `municipio`(`ID`,`NOMBRE`,`ID_DEPTO`) values ('440','VALLEDUPAR',11);
insert into `municipio`(`ID`,`NOMBRE`,`ID_DEPTO`) values ('441','AGUACHICA',11);
insert into `municipio`(`ID`,`NOMBRE`,`ID_DEPTO`) values ('442','AGUSTIN CODAZZI',11);
insert into `municipio`(`ID`,`NOMBRE`,`ID_DEPTO`) values ('443','ASTREA',11);
insert into `municipio`(`ID`,`NOMBRE`,`ID_DEPTO`) values ('444','BECERRIL',11);
insert into `municipio`(`ID`,`NOMBRE`,`ID_DEPTO`) values ('445','BOSCONIA',11);
insert into `municipio`(`ID`,`NOMBRE`,`ID_DEPTO`) values ('446','CHIMICHAGUA',11);
insert into `municipio`(`ID`,`NOMBRE`,`ID_DEPTO`) values ('447','CHIRIGUANA',11);
insert into `municipio`(`ID`,`NOMBRE`,`ID_DEPTO`) values ('448','CURUMANI',11);
insert into `municipio`(`ID`,`NOMBRE`,`ID_DEPTO`) values ('449','EL COPEY',11);
insert into `municipio`(`ID`,`NOMBRE`,`ID_DEPTO`) values ('45','CAROLINA',2);
insert into `municipio`(`ID`,`NOMBRE`,`ID_DEPTO`) values ('450','EL PASO',11);
insert into `municipio`(`ID`,`NOMBRE`,`ID_DEPTO`) values ('451','GAMARRA',11);
insert into `municipio`(`ID`,`NOMBRE`,`ID_DEPTO`) values ('452','GONZALEZ',11);
insert into `municipio`(`ID`,`NOMBRE`,`ID_DEPTO`) values ('453','LA GLORIA',11);
insert into `municipio`(`ID`,`NOMBRE`,`ID_DEPTO`) values ('454','LA JAGUA DE IBIRICO',11);
insert into `municipio`(`ID`,`NOMBRE`,`ID_DEPTO`) values ('455','MANAURE',11);
insert into `municipio`(`ID`,`NOMBRE`,`ID_DEPTO`) values ('456','PAILITAS',11);
insert into `municipio`(`ID`,`NOMBRE`,`ID_DEPTO`) values ('457','PELAYA',11);
insert into `municipio`(`ID`,`NOMBRE`,`ID_DEPTO`) values ('458','PUEBLO BELLO',11);
insert into `municipio`(`ID`,`NOMBRE`,`ID_DEPTO`) values ('459','RIO DE ORO',11);
insert into `municipio`(`ID`,`NOMBRE`,`ID_DEPTO`) values ('46','CAUCASIA',2);
insert into `municipio`(`ID`,`NOMBRE`,`ID_DEPTO`) values ('460','LA PAZ',11);
insert into `municipio`(`ID`,`NOMBRE`,`ID_DEPTO`) values ('461','SAN ALBERTO',11);
insert into `municipio`(`ID`,`NOMBRE`,`ID_DEPTO`) values ('462','SAN DIEGO',11);
insert into `municipio`(`ID`,`NOMBRE`,`ID_DEPTO`) values ('463','SAN MARTIN',11);
insert into `municipio`(`ID`,`NOMBRE`,`ID_DEPTO`) values ('464','TAMALAMEQUE',11);
insert into `municipio`(`ID`,`NOMBRE`,`ID_DEPTO`) values ('465','QUIBDO',12);
insert into `municipio`(`ID`,`NOMBRE`,`ID_DEPTO`) values ('466','ACANDI',12);
insert into `municipio`(`ID`,`NOMBRE`,`ID_DEPTO`) values ('467','ALTO BAUDO',12);
insert into `municipio`(`ID`,`NOMBRE`,`ID_DEPTO`) values ('468','ATRATO',12);
insert into `municipio`(`ID`,`NOMBRE`,`ID_DEPTO`) values ('469','BAGADO',12);
insert into `municipio`(`ID`,`NOMBRE`,`ID_DEPTO`) values ('47','CHIGORODO',2);
insert into `municipio`(`ID`,`NOMBRE`,`ID_DEPTO`) values ('470','BAHIA SOLANO',12);
insert into `municipio`(`ID`,`NOMBRE`,`ID_DEPTO`) values ('471','BAJO BAUDO',12);
insert into `municipio`(`ID`,`NOMBRE`,`ID_DEPTO`) values ('472','BOJAYA',12);
insert into `municipio`(`ID`,`NOMBRE`,`ID_DEPTO`) values ('473','EL CANTON DEL SAN PABLO',12);
insert into `municipio`(`ID`,`NOMBRE`,`ID_DEPTO`) values ('474','CARMEN DEL DARIEN',12);
insert into `municipio`(`ID`,`NOMBRE`,`ID_DEPTO`) values ('475','CERTEGUI',12);
insert into `municipio`(`ID`,`NOMBRE`,`ID_DEPTO`) values ('476','CONDOTO',12);
insert into `municipio`(`ID`,`NOMBRE`,`ID_DEPTO`) values ('477','EL CARMEN DE ATRATO',12);
insert into `municipio`(`ID`,`NOMBRE`,`ID_DEPTO`) values ('478','EL LITORAL DEL SAN JUAN',12);
insert into `municipio`(`ID`,`NOMBRE`,`ID_DEPTO`) values ('479','ISTMINA',12);
insert into `municipio`(`ID`,`NOMBRE`,`ID_DEPTO`) values ('48','CISNEROS',2);
insert into `municipio`(`ID`,`NOMBRE`,`ID_DEPTO`) values ('480','JURADO',12);
insert into `municipio`(`ID`,`NOMBRE`,`ID_DEPTO`) values ('481','LLORO',12);
insert into `municipio`(`ID`,`NOMBRE`,`ID_DEPTO`) values ('482','MEDIO ATRATO',12);
insert into `municipio`(`ID`,`NOMBRE`,`ID_DEPTO`) values ('483','MEDIO BAUDO',12);
insert into `municipio`(`ID`,`NOMBRE`,`ID_DEPTO`) values ('484','MEDIO SAN JUAN',12);
insert into `municipio`(`ID`,`NOMBRE`,`ID_DEPTO`) values ('485','NOVITA',12);
insert into `municipio`(`ID`,`NOMBRE`,`ID_DEPTO`) values ('486','NUQUI',12);
insert into `municipio`(`ID`,`NOMBRE`,`ID_DEPTO`) values ('487','RIO IRO',12);
insert into `municipio`(`ID`,`NOMBRE`,`ID_DEPTO`) values ('488','RIO QUITO',12);
insert into `municipio`(`ID`,`NOMBRE`,`ID_DEPTO`) values ('489','RIOSUCIO',12);
insert into `municipio`(`ID`,`NOMBRE`,`ID_DEPTO`) values ('49','COCORNA',2);
insert into `municipio`(`ID`,`NOMBRE`,`ID_DEPTO`) values ('490','SAN JOSE DEL PALMAR',12);
insert into `municipio`(`ID`,`NOMBRE`,`ID_DEPTO`) values ('491','SIPI',12);
insert into `municipio`(`ID`,`NOMBRE`,`ID_DEPTO`) values ('492','TADO',12);
insert into `municipio`(`ID`,`NOMBRE`,`ID_DEPTO`) values ('493','UNGUIA',12);
insert into `municipio`(`ID`,`NOMBRE`,`ID_DEPTO`) values ('494','UNION PANAMERICANA',12);
insert into `municipio`(`ID`,`NOMBRE`,`ID_DEPTO`) values ('495','MONTERIA',13);
insert into `municipio`(`ID`,`NOMBRE`,`ID_DEPTO`) values ('496','AYAPEL',13);
insert into `municipio`(`ID`,`NOMBRE`,`ID_DEPTO`) values ('497','BUENAVISTA',13);
insert into `municipio`(`ID`,`NOMBRE`,`ID_DEPTO`) values ('498','CANALETE',13);
insert into `municipio`(`ID`,`NOMBRE`,`ID_DEPTO`) values ('499','CERETE',13);
insert into `municipio`(`ID`,`NOMBRE`,`ID_DEPTO`) values ('5','LA VICTORIA',1);
insert into `municipio`(`ID`,`NOMBRE`,`ID_DEPTO`) values ('50','CONCEPCION',2);
insert into `municipio`(`ID`,`NOMBRE`,`ID_DEPTO`) values ('500','CHIMA',13);
insert into `municipio`(`ID`,`NOMBRE`,`ID_DEPTO`) values ('501','CHINU',13);
insert into `municipio`(`ID`,`NOMBRE`,`ID_DEPTO`) values ('502','CIENAGA DE ORO',13);
insert into `municipio`(`ID`,`NOMBRE`,`ID_DEPTO`) values ('503','COTORRA',13);
insert into `municipio`(`ID`,`NOMBRE`,`ID_DEPTO`) values ('504','LA APARTADA',13);
insert into `municipio`(`ID`,`NOMBRE`,`ID_DEPTO`) values ('505','LORICA',13);
insert into `municipio`(`ID`,`NOMBRE`,`ID_DEPTO`) values ('506','LOS CORDOBAS',13);
insert into `municipio`(`ID`,`NOMBRE`,`ID_DEPTO`) values ('507','MOMIL',13);
insert into `municipio`(`ID`,`NOMBRE`,`ID_DEPTO`) values ('508','MONTELIBANO',13);
insert into `municipio`(`ID`,`NOMBRE`,`ID_DEPTO`) values ('509','MOÑITOS',13);
insert into `municipio`(`ID`,`NOMBRE`,`ID_DEPTO`) values ('51','CONCORDIA',2);
insert into `municipio`(`ID`,`NOMBRE`,`ID_DEPTO`) values ('510','PLANETA RICA',13);
insert into `municipio`(`ID`,`NOMBRE`,`ID_DEPTO`) values ('511','PUEBLO NUEVO',13);
insert into `municipio`(`ID`,`NOMBRE`,`ID_DEPTO`) values ('512','PUERTO ESCONDIDO',13);
insert into `municipio`(`ID`,`NOMBRE`,`ID_DEPTO`) values ('513','PUERTO LIBERTADOR',13);
insert into `municipio`(`ID`,`NOMBRE`,`ID_DEPTO`) values ('514','PURISIMA',13);
insert into `municipio`(`ID`,`NOMBRE`,`ID_DEPTO`) values ('515','SAHAGUN',13);
insert into `municipio`(`ID`,`NOMBRE`,`ID_DEPTO`) values ('516','SAN ANDRES SOTAVENTO',13);
insert into `municipio`(`ID`,`NOMBRE`,`ID_DEPTO`) values ('517','SAN ANTERO',13);
insert into `municipio`(`ID`,`NOMBRE`,`ID_DEPTO`) values ('518','SAN BERNARDO DEL VIENTO',13);
insert into `municipio`(`ID`,`NOMBRE`,`ID_DEPTO`) values ('519','SAN CARLOS',13);
insert into `municipio`(`ID`,`NOMBRE`,`ID_DEPTO`) values ('52','COPACABANA',2);
insert into `municipio`(`ID`,`NOMBRE`,`ID_DEPTO`) values ('520','SAN PELAYO',13);
insert into `municipio`(`ID`,`NOMBRE`,`ID_DEPTO`) values ('521','TIERRALTA',13);
insert into `municipio`(`ID`,`NOMBRE`,`ID_DEPTO`) values ('522','VALENCIA',13);
insert into `municipio`(`ID`,`NOMBRE`,`ID_DEPTO`) values ('523','AGUA DE DIOS',14);
insert into `municipio`(`ID`,`NOMBRE`,`ID_DEPTO`) values ('524','ALBAN',14);
insert into `municipio`(`ID`,`NOMBRE`,`ID_DEPTO`) values ('525','BOGOTA',14);
insert into `municipio`(`ID`,`NOMBRE`,`ID_DEPTO`) values ('526','ANAPOIMA',14);
insert into `municipio`(`ID`,`NOMBRE`,`ID_DEPTO`) values ('527','ANOLAIMA',14);
insert into `municipio`(`ID`,`NOMBRE`,`ID_DEPTO`) values ('528','ARBELAEZ',14);
insert into `municipio`(`ID`,`NOMBRE`,`ID_DEPTO`) values ('529','BELTRAN',14);
insert into `municipio`(`ID`,`NOMBRE`,`ID_DEPTO`) values ('53','DABEIBA',2);
insert into `municipio`(`ID`,`NOMBRE`,`ID_DEPTO`) values ('530','BITUIMA',14);
insert into `municipio`(`ID`,`NOMBRE`,`ID_DEPTO`) values ('531','BOJACA',14);
insert into `municipio`(`ID`,`NOMBRE`,`ID_DEPTO`) values ('532','CABRERA',14);
insert into `municipio`(`ID`,`NOMBRE`,`ID_DEPTO`) values ('533','CACHIPAY',14);
insert into `municipio`(`ID`,`NOMBRE`,`ID_DEPTO`) values ('534','CAJICA',14);
insert into `municipio`(`ID`,`NOMBRE`,`ID_DEPTO`) values ('535','CAPARRAPI',14);
insert into `municipio`(`ID`,`NOMBRE`,`ID_DEPTO`) values ('536','CAQUEZA',14);
insert into `municipio`(`ID`,`NOMBRE`,`ID_DEPTO`) values ('537','CARMEN DE CARUPA',14);
insert into `municipio`(`ID`,`NOMBRE`,`ID_DEPTO`) values ('538','CHAGUANI',14);
insert into `municipio`(`ID`,`NOMBRE`,`ID_DEPTO`) values ('539','CHIA',14);
insert into `municipio`(`ID`,`NOMBRE`,`ID_DEPTO`) values ('54','DON MATIAS',2);
insert into `municipio`(`ID`,`NOMBRE`,`ID_DEPTO`) values ('540','CHIPAQUE',14);
insert into `municipio`(`ID`,`NOMBRE`,`ID_DEPTO`) values ('541','CHOACHI',14);
insert into `municipio`(`ID`,`NOMBRE`,`ID_DEPTO`) values ('542','CHOCONTA',14);
insert into `municipio`(`ID`,`NOMBRE`,`ID_DEPTO`) values ('543','COGUA',14);
insert into `municipio`(`ID`,`NOMBRE`,`ID_DEPTO`) values ('544','COTA',14);
insert into `municipio`(`ID`,`NOMBRE`,`ID_DEPTO`) values ('545','CUCUNUBA',14);
insert into `municipio`(`ID`,`NOMBRE`,`ID_DEPTO`) values ('546','EL COLEGIO',14);
insert into `municipio`(`ID`,`NOMBRE`,`ID_DEPTO`) values ('547','EL PEÑON',14);
insert into `municipio`(`ID`,`NOMBRE`,`ID_DEPTO`) values ('548','EL ROSAL',14);
insert into `municipio`(`ID`,`NOMBRE`,`ID_DEPTO`) values ('549','FACATATIVA',14);
insert into `municipio`(`ID`,`NOMBRE`,`ID_DEPTO`) values ('55','EBEJICO',2);
insert into `municipio`(`ID`,`NOMBRE`,`ID_DEPTO`) values ('550','FOMEQUE',14);
insert into `municipio`(`ID`,`NOMBRE`,`ID_DEPTO`) values ('551','FOSCA',14);
insert into `municipio`(`ID`,`NOMBRE`,`ID_DEPTO`) values ('552','FUNZA',14);
insert into `municipio`(`ID`,`NOMBRE`,`ID_DEPTO`) values ('553','FUQUENE',14);
insert into `municipio`(`ID`,`NOMBRE`,`ID_DEPTO`) values ('554','FUSAGASUGA',14);
insert into `municipio`(`ID`,`NOMBRE`,`ID_DEPTO`) values ('555','GACHALA',14);
insert into `municipio`(`ID`,`NOMBRE`,`ID_DEPTO`) values ('556','GACHANCIPA',14);
insert into `municipio`(`ID`,`NOMBRE`,`ID_DEPTO`) values ('557','GACHETA',14);
insert into `municipio`(`ID`,`NOMBRE`,`ID_DEPTO`) values ('558','GAMA',14);
insert into `municipio`(`ID`,`NOMBRE`,`ID_DEPTO`) values ('559','GIRARDOT',14);
insert into `municipio`(`ID`,`NOMBRE`,`ID_DEPTO`) values ('56','EL BAGRE',2);
insert into `municipio`(`ID`,`NOMBRE`,`ID_DEPTO`) values ('560','GRANADA',14);
insert into `municipio`(`ID`,`NOMBRE`,`ID_DEPTO`) values ('561','GUACHETA',14);
insert into `municipio`(`ID`,`NOMBRE`,`ID_DEPTO`) values ('562','GUADUAS',14);
insert into `municipio`(`ID`,`NOMBRE`,`ID_DEPTO`) values ('563','GUASCA',14);
insert into `municipio`(`ID`,`NOMBRE`,`ID_DEPTO`) values ('564','GUATAQUI',14);
insert into `municipio`(`ID`,`NOMBRE`,`ID_DEPTO`) values ('565','GUATAVITA',14);
insert into `municipio`(`ID`,`NOMBRE`,`ID_DEPTO`) values ('566','GUAYABAL DE SIQUIMA',14);
insert into `municipio`(`ID`,`NOMBRE`,`ID_DEPTO`) values ('567','GUAYABETAL',14);
insert into `municipio`(`ID`,`NOMBRE`,`ID_DEPTO`) values ('568','GUTIERREZ',14);
insert into `municipio`(`ID`,`NOMBRE`,`ID_DEPTO`) values ('569','JERUSALEN',14);
insert into `municipio`(`ID`,`NOMBRE`,`ID_DEPTO`) values ('57','ENTRERRIOS',2);
insert into `municipio`(`ID`,`NOMBRE`,`ID_DEPTO`) values ('570','JUNIN',14);
insert into `municipio`(`ID`,`NOMBRE`,`ID_DEPTO`) values ('571','LA CALERA',14);
insert into `municipio`(`ID`,`NOMBRE`,`ID_DEPTO`) values ('572','LA MESA',14);
insert into `municipio`(`ID`,`NOMBRE`,`ID_DEPTO`) values ('573','LA PALMA',14);
insert into `municipio`(`ID`,`NOMBRE`,`ID_DEPTO`) values ('574','LA PEÑA',14);
insert into `municipio`(`ID`,`NOMBRE`,`ID_DEPTO`) values ('575','LA VEGA',14);
insert into `municipio`(`ID`,`NOMBRE`,`ID_DEPTO`) values ('576','LENGUAZAQUE',14);
insert into `municipio`(`ID`,`NOMBRE`,`ID_DEPTO`) values ('577','MACHETA',14);
insert into `municipio`(`ID`,`NOMBRE`,`ID_DEPTO`) values ('578','MADRID',14);
insert into `municipio`(`ID`,`NOMBRE`,`ID_DEPTO`) values ('579','MANTA',14);
insert into `municipio`(`ID`,`NOMBRE`,`ID_DEPTO`) values ('58','ENVIGADO',2);
insert into `municipio`(`ID`,`NOMBRE`,`ID_DEPTO`) values ('580','MEDINA',14);
insert into `municipio`(`ID`,`NOMBRE`,`ID_DEPTO`) values ('581','MOSQUERA',14);
insert into `municipio`(`ID`,`NOMBRE`,`ID_DEPTO`) values ('582','NARIÑO',14);
insert into `municipio`(`ID`,`NOMBRE`,`ID_DEPTO`) values ('583','NEMOCON',14);
insert into `municipio`(`ID`,`NOMBRE`,`ID_DEPTO`) values ('584','NILO',14);
insert into `municipio`(`ID`,`NOMBRE`,`ID_DEPTO`) values ('585','NIMAIMA',14);
insert into `municipio`(`ID`,`NOMBRE`,`ID_DEPTO`) values ('586','NOCAIMA',14);
insert into `municipio`(`ID`,`NOMBRE`,`ID_DEPTO`) values ('587','VENECIA',14);
insert into `municipio`(`ID`,`NOMBRE`,`ID_DEPTO`) values ('588','PACHO',14);
insert into `municipio`(`ID`,`NOMBRE`,`ID_DEPTO`) values ('589','PAIME',14);
insert into `municipio`(`ID`,`NOMBRE`,`ID_DEPTO`) values ('59','FREDONIA',2);
insert into `municipio`(`ID`,`NOMBRE`,`ID_DEPTO`) values ('590','PANDI',14);
insert into `municipio`(`ID`,`NOMBRE`,`ID_DEPTO`) values ('591','PARATEBUENO',14);
insert into `municipio`(`ID`,`NOMBRE`,`ID_DEPTO`) values ('592','PASCA',14);
insert into `municipio`(`ID`,`NOMBRE`,`ID_DEPTO`) values ('593','PUERTO SALGAR',14);
insert into `municipio`(`ID`,`NOMBRE`,`ID_DEPTO`) values ('594','PULI',14);
insert into `municipio`(`ID`,`NOMBRE`,`ID_DEPTO`) values ('595','QUEBRADANEGRA',14);
insert into `municipio`(`ID`,`NOMBRE`,`ID_DEPTO`) values ('596','QUETAME',14);
insert into `municipio`(`ID`,`NOMBRE`,`ID_DEPTO`) values ('597','QUIPILE',14);
insert into `municipio`(`ID`,`NOMBRE`,`ID_DEPTO`) values ('598','APULO',14);
insert into `municipio`(`ID`,`NOMBRE`,`ID_DEPTO`) values ('599','RICAURTE',14);
insert into `municipio`(`ID`,`NOMBRE`,`ID_DEPTO`) values ('6','MIRITI - PARANA',1);
insert into `municipio`(`ID`,`NOMBRE`,`ID_DEPTO`) values ('60','FRONTINO',2);
insert into `municipio`(`ID`,`NOMBRE`,`ID_DEPTO`) values ('600','SAN ANTONIO DEL TEQUENDAMA',14);
insert into `municipio`(`ID`,`NOMBRE`,`ID_DEPTO`) values ('601','SAN BERNARDO',14);
insert into `municipio`(`ID`,`NOMBRE`,`ID_DEPTO`) values ('602','SAN CAYETANO',14);
insert into `municipio`(`ID`,`NOMBRE`,`ID_DEPTO`) values ('603','SAN FRANCISCO',14);
insert into `municipio`(`ID`,`NOMBRE`,`ID_DEPTO`) values ('604','SAN JUAN DE RIO SECO',14);
insert into `municipio`(`ID`,`NOMBRE`,`ID_DEPTO`) values ('605','SASAIMA',14);
insert into `municipio`(`ID`,`NOMBRE`,`ID_DEPTO`) values ('606','SESQUILE',14);
insert into `municipio`(`ID`,`NOMBRE`,`ID_DEPTO`) values ('607','SIBATE',14);
insert into `municipio`(`ID`,`NOMBRE`,`ID_DEPTO`) values ('608','SILVANIA',14);
insert into `municipio`(`ID`,`NOMBRE`,`ID_DEPTO`) values ('609','SIMIJACA',14);
insert into `municipio`(`ID`,`NOMBRE`,`ID_DEPTO`) values ('61','GIRALDO',2);
insert into `municipio`(`ID`,`NOMBRE`,`ID_DEPTO`) values ('610','SOACHA',14);
insert into `municipio`(`ID`,`NOMBRE`,`ID_DEPTO`) values ('611','SOPO',14);
insert into `municipio`(`ID`,`NOMBRE`,`ID_DEPTO`) values ('612','SUBACHOQUE',14);
insert into `municipio`(`ID`,`NOMBRE`,`ID_DEPTO`) values ('613','SUESCA',14);
insert into `municipio`(`ID`,`NOMBRE`,`ID_DEPTO`) values ('614','SUPATA',14);
insert into `municipio`(`ID`,`NOMBRE`,`ID_DEPTO`) values ('615','SUSA',14);
insert into `municipio`(`ID`,`NOMBRE`,`ID_DEPTO`) values ('616','SUTATAUSA',14);
insert into `municipio`(`ID`,`NOMBRE`,`ID_DEPTO`) values ('617','TABIO',14);
insert into `municipio`(`ID`,`NOMBRE`,`ID_DEPTO`) values ('618','TAUSA',14);
insert into `municipio`(`ID`,`NOMBRE`,`ID_DEPTO`) values ('619','TENA',14);
insert into `municipio`(`ID`,`NOMBRE`,`ID_DEPTO`) values ('62','GIRARDOTA',2);
insert into `municipio`(`ID`,`NOMBRE`,`ID_DEPTO`) values ('620','TENJO',14);
insert into `municipio`(`ID`,`NOMBRE`,`ID_DEPTO`) values ('621','TIBACUY',14);
insert into `municipio`(`ID`,`NOMBRE`,`ID_DEPTO`) values ('622','TIBIRITA',14);
insert into `municipio`(`ID`,`NOMBRE`,`ID_DEPTO`) values ('623','TOCAIMA',14);
insert into `municipio`(`ID`,`NOMBRE`,`ID_DEPTO`) values ('624','TOCANCIPA',14);
insert into `municipio`(`ID`,`NOMBRE`,`ID_DEPTO`) values ('625','TOPAIPI',14);
insert into `municipio`(`ID`,`NOMBRE`,`ID_DEPTO`) values ('626','UBALA',14);
insert into `municipio`(`ID`,`NOMBRE`,`ID_DEPTO`) values ('627','UBAQUE',14);
insert into `municipio`(`ID`,`NOMBRE`,`ID_DEPTO`) values ('628','VILLA DE SAN DIEGO DE UBATE',14);
insert into `municipio`(`ID`,`NOMBRE`,`ID_DEPTO`) values ('629','UNE',14);
insert into `municipio`(`ID`,`NOMBRE`,`ID_DEPTO`) values ('63','GOMEZ PLATA',2);
insert into `municipio`(`ID`,`NOMBRE`,`ID_DEPTO`) values ('630','UTICA',14);
insert into `municipio`(`ID`,`NOMBRE`,`ID_DEPTO`) values ('631','VERGARA',14);
insert into `municipio`(`ID`,`NOMBRE`,`ID_DEPTO`) values ('632','VIANI',14);
insert into `municipio`(`ID`,`NOMBRE`,`ID_DEPTO`) values ('633','VILLAGOMEZ',14);
insert into `municipio`(`ID`,`NOMBRE`,`ID_DEPTO`) values ('634','VILLAPINZON',14);
insert into `municipio`(`ID`,`NOMBRE`,`ID_DEPTO`) values ('635','VILLETA',14);
insert into `municipio`(`ID`,`NOMBRE`,`ID_DEPTO`) values ('636','VIOTA',14);
insert into `municipio`(`ID`,`NOMBRE`,`ID_DEPTO`) values ('637','YACOPI',14);
insert into `municipio`(`ID`,`NOMBRE`,`ID_DEPTO`) values ('638','ZIPACON',14);
insert into `municipio`(`ID`,`NOMBRE`,`ID_DEPTO`) values ('639','ZIPAQUIRA',14);
insert into `municipio`(`ID`,`NOMBRE`,`ID_DEPTO`) values ('64','GRANADA',2);
insert into `municipio`(`ID`,`NOMBRE`,`ID_DEPTO`) values ('640','INIRIDA',15);
insert into `municipio`(`ID`,`NOMBRE`,`ID_DEPTO`) values ('641','BARRANCO MINAS',15);
insert into `municipio`(`ID`,`NOMBRE`,`ID_DEPTO`) values ('642','MAPIRIPANA',15);
insert into `municipio`(`ID`,`NOMBRE`,`ID_DEPTO`) values ('643','SAN FELIPE',15);
insert into `municipio`(`ID`,`NOMBRE`,`ID_DEPTO`) values ('644','PUERTO COLOMBIA',15);
insert into `municipio`(`ID`,`NOMBRE`,`ID_DEPTO`) values ('645','LA GUADALUPE',15);
insert into `municipio`(`ID`,`NOMBRE`,`ID_DEPTO`) values ('646','CACAHUAL',15);
insert into `municipio`(`ID`,`NOMBRE`,`ID_DEPTO`) values ('647','PANA PANA',15);
insert into `municipio`(`ID`,`NOMBRE`,`ID_DEPTO`) values ('648','MORICHAL',15);
insert into `municipio`(`ID`,`NOMBRE`,`ID_DEPTO`) values ('649','SAN JOSE DEL GUAVIARE',16);
insert into `municipio`(`ID`,`NOMBRE`,`ID_DEPTO`) values ('65','GUADALUPE',2);
insert into `municipio`(`ID`,`NOMBRE`,`ID_DEPTO`) values ('650','CALAMAR',16);
insert into `municipio`(`ID`,`NOMBRE`,`ID_DEPTO`) values ('651','EL RETORNO',16);
insert into `municipio`(`ID`,`NOMBRE`,`ID_DEPTO`) values ('652','MIRAFLORES',16);
insert into `municipio`(`ID`,`NOMBRE`,`ID_DEPTO`) values ('653','NEIVA',17);
insert into `municipio`(`ID`,`NOMBRE`,`ID_DEPTO`) values ('654','ACEVEDO',17);
insert into `municipio`(`ID`,`NOMBRE`,`ID_DEPTO`) values ('655','AGRADO',17);
insert into `municipio`(`ID`,`NOMBRE`,`ID_DEPTO`) values ('656','AIPE',17);
insert into `municipio`(`ID`,`NOMBRE`,`ID_DEPTO`) values ('657','ALGECIRAS',17);
insert into `municipio`(`ID`,`NOMBRE`,`ID_DEPTO`) values ('658','ALTAMIRA',17);
insert into `municipio`(`ID`,`NOMBRE`,`ID_DEPTO`) values ('659','BARAYA',17);
insert into `municipio`(`ID`,`NOMBRE`,`ID_DEPTO`) values ('66','GUARNE',2);
insert into `municipio`(`ID`,`NOMBRE`,`ID_DEPTO`) values ('660','CAMPOALEGRE',17);
insert into `municipio`(`ID`,`NOMBRE`,`ID_DEPTO`) values ('661','COLOMBIA',17);
insert into `municipio`(`ID`,`NOMBRE`,`ID_DEPTO`) values ('662','ELIAS',17);
insert into `municipio`(`ID`,`NOMBRE`,`ID_DEPTO`) values ('663','GARZON',17);
insert into `municipio`(`ID`,`NOMBRE`,`ID_DEPTO`) values ('664','GIGANTE',17);
insert into `municipio`(`ID`,`NOMBRE`,`ID_DEPTO`) values ('665','GUADALUPE',17);
insert into `municipio`(`ID`,`NOMBRE`,`ID_DEPTO`) values ('666','HOBO',17);
insert into `municipio`(`ID`,`NOMBRE`,`ID_DEPTO`) values ('667','IQUIRA',17);
insert into `municipio`(`ID`,`NOMBRE`,`ID_DEPTO`) values ('668','ISNOS',17);
insert into `municipio`(`ID`,`NOMBRE`,`ID_DEPTO`) values ('669','LA ARGENTINA',17);
insert into `municipio`(`ID`,`NOMBRE`,`ID_DEPTO`) values ('67','GUATAPE',2);
insert into `municipio`(`ID`,`NOMBRE`,`ID_DEPTO`) values ('670','LA PLATA',17);
insert into `municipio`(`ID`,`NOMBRE`,`ID_DEPTO`) values ('671','NATAGA',17);
insert into `municipio`(`ID`,`NOMBRE`,`ID_DEPTO`) values ('672','OPORAPA',17);
insert into `municipio`(`ID`,`NOMBRE`,`ID_DEPTO`) values ('673','PAICOL',17);
insert into `municipio`(`ID`,`NOMBRE`,`ID_DEPTO`) values ('674','PALERMO',17);
insert into `municipio`(`ID`,`NOMBRE`,`ID_DEPTO`) values ('675','PALESTINA',17);
insert into `municipio`(`ID`,`NOMBRE`,`ID_DEPTO`) values ('676','PITAL',17);
insert into `municipio`(`ID`,`NOMBRE`,`ID_DEPTO`) values ('677','PITALITO',17);
insert into `municipio`(`ID`,`NOMBRE`,`ID_DEPTO`) values ('678','RIVERA',17);
insert into `municipio`(`ID`,`NOMBRE`,`ID_DEPTO`) values ('679','SALADOBLANCO',17);
insert into `municipio`(`ID`,`NOMBRE`,`ID_DEPTO`) values ('68','HELICONIA',2);
insert into `municipio`(`ID`,`NOMBRE`,`ID_DEPTO`) values ('680','SAN AGUSTIN',17);
insert into `municipio`(`ID`,`NOMBRE`,`ID_DEPTO`) values ('681','SANTA MARIA',17);
insert into `municipio`(`ID`,`NOMBRE`,`ID_DEPTO`) values ('682','SUAZA',17);
insert into `municipio`(`ID`,`NOMBRE`,`ID_DEPTO`) values ('683','TARQUI',17);
insert into `municipio`(`ID`,`NOMBRE`,`ID_DEPTO`) values ('684','TESALIA',17);
insert into `municipio`(`ID`,`NOMBRE`,`ID_DEPTO`) values ('685','TELLO',17);
insert into `municipio`(`ID`,`NOMBRE`,`ID_DEPTO`) values ('686','TERUEL',17);
insert into `municipio`(`ID`,`NOMBRE`,`ID_DEPTO`) values ('687','TIMANA',17);
insert into `municipio`(`ID`,`NOMBRE`,`ID_DEPTO`) values ('688','VILLAVIEJA',17);
insert into `municipio`(`ID`,`NOMBRE`,`ID_DEPTO`) values ('689','YAGUARA',17);
insert into `municipio`(`ID`,`NOMBRE`,`ID_DEPTO`) values ('69','HISPANIA',2);
insert into `municipio`(`ID`,`NOMBRE`,`ID_DEPTO`) values ('690','RIOHACHA',18);
insert into `municipio`(`ID`,`NOMBRE`,`ID_DEPTO`) values ('691','ALBANIA',18);
insert into `municipio`(`ID`,`NOMBRE`,`ID_DEPTO`) values ('692','BARRANCAS',18);
insert into `municipio`(`ID`,`NOMBRE`,`ID_DEPTO`) values ('693','DIBULLA',18);
insert into `municipio`(`ID`,`NOMBRE`,`ID_DEPTO`) values ('694','DISTRACCION',18);
insert into `municipio`(`ID`,`NOMBRE`,`ID_DEPTO`) values ('695','EL MOLINO',18);
insert into `municipio`(`ID`,`NOMBRE`,`ID_DEPTO`) values ('696','FONSECA',18);
insert into `municipio`(`ID`,`NOMBRE`,`ID_DEPTO`) values ('697','HATONUEVO',18);
insert into `municipio`(`ID`,`NOMBRE`,`ID_DEPTO`) values ('698','LA JAGUA DEL PILAR',18);
insert into `municipio`(`ID`,`NOMBRE`,`ID_DEPTO`) values ('699','MAICAO',18);
insert into `municipio`(`ID`,`NOMBRE`,`ID_DEPTO`) values ('7','PUERTO ALEGRIA',1);
insert into `municipio`(`ID`,`NOMBRE`,`ID_DEPTO`) values ('70','ITAGUI',2);
insert into `municipio`(`ID`,`NOMBRE`,`ID_DEPTO`) values ('700','MANAURE',18);
insert into `municipio`(`ID`,`NOMBRE`,`ID_DEPTO`) values ('701','SAN JUAN DEL CESAR',18);
insert into `municipio`(`ID`,`NOMBRE`,`ID_DEPTO`) values ('702','URIBIA',18);
insert into `municipio`(`ID`,`NOMBRE`,`ID_DEPTO`) values ('703','URUMITA',18);
insert into `municipio`(`ID`,`NOMBRE`,`ID_DEPTO`) values ('704','VILLANUEVA',18);
insert into `municipio`(`ID`,`NOMBRE`,`ID_DEPTO`) values ('705','SANTA MARTA',19);
insert into `municipio`(`ID`,`NOMBRE`,`ID_DEPTO`) values ('706','ALGARROBO',19);
insert into `municipio`(`ID`,`NOMBRE`,`ID_DEPTO`) values ('707','ARACATACA',19);
insert into `municipio`(`ID`,`NOMBRE`,`ID_DEPTO`) values ('708','ARIGUANI',19);
insert into `municipio`(`ID`,`NOMBRE`,`ID_DEPTO`) values ('709','CERRO SAN ANTONIO',19);
insert into `municipio`(`ID`,`NOMBRE`,`ID_DEPTO`) values ('71','ITUANGO',2);
insert into `municipio`(`ID`,`NOMBRE`,`ID_DEPTO`) values ('710','CHIBOLO',19);
insert into `municipio`(`ID`,`NOMBRE`,`ID_DEPTO`) values ('711','CIENAGA',19);
insert into `municipio`(`ID`,`NOMBRE`,`ID_DEPTO`) values ('712','CONCORDIA',19);
insert into `municipio`(`ID`,`NOMBRE`,`ID_DEPTO`) values ('713','EL BANCO',19);
insert into `municipio`(`ID`,`NOMBRE`,`ID_DEPTO`) values ('714','EL PIÑON',19);
insert into `municipio`(`ID`,`NOMBRE`,`ID_DEPTO`) values ('715','EL RETEN',19);
insert into `municipio`(`ID`,`NOMBRE`,`ID_DEPTO`) values ('716','FUNDACION',19);
insert into `municipio`(`ID`,`NOMBRE`,`ID_DEPTO`) values ('717','GUAMAL',19);
insert into `municipio`(`ID`,`NOMBRE`,`ID_DEPTO`) values ('718','NUEVA GRANADA',19);
insert into `municipio`(`ID`,`NOMBRE`,`ID_DEPTO`) values ('719','PEDRAZA',19);
insert into `municipio`(`ID`,`NOMBRE`,`ID_DEPTO`) values ('72','JARDIN',2);
insert into `municipio`(`ID`,`NOMBRE`,`ID_DEPTO`) values ('720','PIJIÑO DEL CARMEN',19);
insert into `municipio`(`ID`,`NOMBRE`,`ID_DEPTO`) values ('721','PIVIJAY',19);
insert into `municipio`(`ID`,`NOMBRE`,`ID_DEPTO`) values ('722','PLATO',19);
insert into `municipio`(`ID`,`NOMBRE`,`ID_DEPTO`) values ('723','PUEBLOVIEJO',19);
insert into `municipio`(`ID`,`NOMBRE`,`ID_DEPTO`) values ('724','REMOLINO',19);
insert into `municipio`(`ID`,`NOMBRE`,`ID_DEPTO`) values ('725','SABANAS DE SAN ANGEL',19);
insert into `municipio`(`ID`,`NOMBRE`,`ID_DEPTO`) values ('726','SALAMINA',19);
insert into `municipio`(`ID`,`NOMBRE`,`ID_DEPTO`) values ('727','SAN SEBASTIAN DE BUENAVISTA',19);
insert into `municipio`(`ID`,`NOMBRE`,`ID_DEPTO`) values ('728','SAN ZENON',19);
insert into `municipio`(`ID`,`NOMBRE`,`ID_DEPTO`) values ('729','SANTA ANA',19);
insert into `municipio`(`ID`,`NOMBRE`,`ID_DEPTO`) values ('73','JERICO',2);
insert into `municipio`(`ID`,`NOMBRE`,`ID_DEPTO`) values ('730','SANTA BARBARA DE PINTO',19);
insert into `municipio`(`ID`,`NOMBRE`,`ID_DEPTO`) values ('731','SITIONUEVO',19);
insert into `municipio`(`ID`,`NOMBRE`,`ID_DEPTO`) values ('732','TENERIFE',19);
insert into `municipio`(`ID`,`NOMBRE`,`ID_DEPTO`) values ('733','ZAPAYAN',19);
insert into `municipio`(`ID`,`NOMBRE`,`ID_DEPTO`) values ('734','ZONA BANANERA',19);
insert into `municipio`(`ID`,`NOMBRE`,`ID_DEPTO`) values ('735','VILLAVICENCIO',20);
insert into `municipio`(`ID`,`NOMBRE`,`ID_DEPTO`) values ('736','ACACIAS',20);
insert into `municipio`(`ID`,`NOMBRE`,`ID_DEPTO`) values ('737','BARRANCA DE UPIA',20);
insert into `municipio`(`ID`,`NOMBRE`,`ID_DEPTO`) values ('738','CABUYARO',20);
insert into `municipio`(`ID`,`NOMBRE`,`ID_DEPTO`) values ('739','CASTILLA LA NUEVA',20);
insert into `municipio`(`ID`,`NOMBRE`,`ID_DEPTO`) values ('74','LA CEJA',2);
insert into `municipio`(`ID`,`NOMBRE`,`ID_DEPTO`) values ('740','CUBARRAL',20);
insert into `municipio`(`ID`,`NOMBRE`,`ID_DEPTO`) values ('741','CUMARAL',20);
insert into `municipio`(`ID`,`NOMBRE`,`ID_DEPTO`) values ('742','EL CALVARIO',20);
insert into `municipio`(`ID`,`NOMBRE`,`ID_DEPTO`) values ('743','EL CASTILLO',20);
insert into `municipio`(`ID`,`NOMBRE`,`ID_DEPTO`) values ('744','EL DORADO',20);
insert into `municipio`(`ID`,`NOMBRE`,`ID_DEPTO`) values ('745','FUENTE DE ORO',20);
insert into `municipio`(`ID`,`NOMBRE`,`ID_DEPTO`) values ('746','GRANADA',20);
insert into `municipio`(`ID`,`NOMBRE`,`ID_DEPTO`) values ('747','GUAMAL',20);
insert into `municipio`(`ID`,`NOMBRE`,`ID_DEPTO`) values ('748','MAPIRIPAN',20);
insert into `municipio`(`ID`,`NOMBRE`,`ID_DEPTO`) values ('749','MESETAS',20);
insert into `municipio`(`ID`,`NOMBRE`,`ID_DEPTO`) values ('75','LA ESTRELLA',2);
insert into `municipio`(`ID`,`NOMBRE`,`ID_DEPTO`) values ('750','LA MACARENA',20);
insert into `municipio`(`ID`,`NOMBRE`,`ID_DEPTO`) values ('751','URIBE',20);
insert into `municipio`(`ID`,`NOMBRE`,`ID_DEPTO`) values ('752','LEJANIAS',20);
insert into `municipio`(`ID`,`NOMBRE`,`ID_DEPTO`) values ('753','PUERTO CONCORDIA',20);
insert into `municipio`(`ID`,`NOMBRE`,`ID_DEPTO`) values ('754','PUERTO GAITAN',20);
insert into `municipio`(`ID`,`NOMBRE`,`ID_DEPTO`) values ('755','PUERTO LOPEZ',20);
insert into `municipio`(`ID`,`NOMBRE`,`ID_DEPTO`) values ('756','PUERTO LLERAS',20);
insert into `municipio`(`ID`,`NOMBRE`,`ID_DEPTO`) values ('757','PUERTO RICO',20);
insert into `municipio`(`ID`,`NOMBRE`,`ID_DEPTO`) values ('758','RESTREPO',20);
insert into `municipio`(`ID`,`NOMBRE`,`ID_DEPTO`) values ('759','SAN CARLOS DE GUAROA',20);
insert into `municipio`(`ID`,`NOMBRE`,`ID_DEPTO`) values ('76','LA PINTADA',2);
insert into `municipio`(`ID`,`NOMBRE`,`ID_DEPTO`) values ('760','SAN JUAN DE ARAMA',20);
insert into `municipio`(`ID`,`NOMBRE`,`ID_DEPTO`) values ('761','SAN JUANITO',20);
insert into `municipio`(`ID`,`NOMBRE`,`ID_DEPTO`) values ('762','SAN MARTIN',20);
insert into `municipio`(`ID`,`NOMBRE`,`ID_DEPTO`) values ('763','VISTAHERMOSA',20);
insert into `municipio`(`ID`,`NOMBRE`,`ID_DEPTO`) values ('764','CUCUTA',21);
insert into `municipio`(`ID`,`NOMBRE`,`ID_DEPTO`) values ('765','ABREGO',21);
insert into `municipio`(`ID`,`NOMBRE`,`ID_DEPTO`) values ('766','ARBOLEDAS',21);
insert into `municipio`(`ID`,`NOMBRE`,`ID_DEPTO`) values ('767','BOCHALEMA',21);
insert into `municipio`(`ID`,`NOMBRE`,`ID_DEPTO`) values ('768','BUCARASICA',21);
insert into `municipio`(`ID`,`NOMBRE`,`ID_DEPTO`) values ('769','CACOTA',21);
insert into `municipio`(`ID`,`NOMBRE`,`ID_DEPTO`) values ('77','LA UNION',2);
insert into `municipio`(`ID`,`NOMBRE`,`ID_DEPTO`) values ('770','CACHIRA',21);
insert into `municipio`(`ID`,`NOMBRE`,`ID_DEPTO`) values ('771','CHINACOTA',21);
insert into `municipio`(`ID`,`NOMBRE`,`ID_DEPTO`) values ('772','CHITAGA',21);
insert into `municipio`(`ID`,`NOMBRE`,`ID_DEPTO`) values ('773','CONVENCION',21);
insert into `municipio`(`ID`,`NOMBRE`,`ID_DEPTO`) values ('774','CUCUTILLA',21);
insert into `municipio`(`ID`,`NOMBRE`,`ID_DEPTO`) values ('775','DURANIA',21);
insert into `municipio`(`ID`,`NOMBRE`,`ID_DEPTO`) values ('776','EL CARMEN',21);
insert into `municipio`(`ID`,`NOMBRE`,`ID_DEPTO`) values ('777','EL TARRA',21);
insert into `municipio`(`ID`,`NOMBRE`,`ID_DEPTO`) values ('778','EL ZULIA',21);
insert into `municipio`(`ID`,`NOMBRE`,`ID_DEPTO`) values ('779','GRAMALOTE',21);
insert into `municipio`(`ID`,`NOMBRE`,`ID_DEPTO`) values ('78','LIBORINA',2);
insert into `municipio`(`ID`,`NOMBRE`,`ID_DEPTO`) values ('780','HACARI',21);
insert into `municipio`(`ID`,`NOMBRE`,`ID_DEPTO`) values ('781','HERRAN',21);
insert into `municipio`(`ID`,`NOMBRE`,`ID_DEPTO`) values ('782','LABATECA',21);
insert into `municipio`(`ID`,`NOMBRE`,`ID_DEPTO`) values ('783','LA ESPERANZA',21);
insert into `municipio`(`ID`,`NOMBRE`,`ID_DEPTO`) values ('784','LA PLAYA',21);
insert into `municipio`(`ID`,`NOMBRE`,`ID_DEPTO`) values ('785','LOS PATIOS',21);
insert into `municipio`(`ID`,`NOMBRE`,`ID_DEPTO`) values ('786','LOURDES',21);
insert into `municipio`(`ID`,`NOMBRE`,`ID_DEPTO`) values ('787','MUTISCUA',21);
insert into `municipio`(`ID`,`NOMBRE`,`ID_DEPTO`) values ('788','OCAÑA',21);
insert into `municipio`(`ID`,`NOMBRE`,`ID_DEPTO`) values ('789','PAMPLONA',21);
insert into `municipio`(`ID`,`NOMBRE`,`ID_DEPTO`) values ('79','MACEO',2);
insert into `municipio`(`ID`,`NOMBRE`,`ID_DEPTO`) values ('790','PAMPLONITA',21);
insert into `municipio`(`ID`,`NOMBRE`,`ID_DEPTO`) values ('791','PUERTO SANTANDER',21);
insert into `municipio`(`ID`,`NOMBRE`,`ID_DEPTO`) values ('792','RAGONVALIA',21);
insert into `municipio`(`ID`,`NOMBRE`,`ID_DEPTO`) values ('793','SALAZAR',21);
insert into `municipio`(`ID`,`NOMBRE`,`ID_DEPTO`) values ('794','SAN CALIXTO',21);
insert into `municipio`(`ID`,`NOMBRE`,`ID_DEPTO`) values ('795','SAN CAYETANO',21);
insert into `municipio`(`ID`,`NOMBRE`,`ID_DEPTO`) values ('796','SANTIAGO',21);
insert into `municipio`(`ID`,`NOMBRE`,`ID_DEPTO`) values ('797','SARDINATA',21);
insert into `municipio`(`ID`,`NOMBRE`,`ID_DEPTO`) values ('798','SILOS',21);
insert into `municipio`(`ID`,`NOMBRE`,`ID_DEPTO`) values ('799','TEORAMA',21);
insert into `municipio`(`ID`,`NOMBRE`,`ID_DEPTO`) values ('8','PUERTO ARICA',1);
insert into `municipio`(`ID`,`NOMBRE`,`ID_DEPTO`) values ('80','MARINILLA',2);
insert into `municipio`(`ID`,`NOMBRE`,`ID_DEPTO`) values ('800','TIBU',21);
insert into `municipio`(`ID`,`NOMBRE`,`ID_DEPTO`) values ('801','TOLEDO',21);
insert into `municipio`(`ID`,`NOMBRE`,`ID_DEPTO`) values ('802','VILLA CARO',21);
insert into `municipio`(`ID`,`NOMBRE`,`ID_DEPTO`) values ('803','VILLA DEL ROSARIO',22);
insert into `municipio`(`ID`,`NOMBRE`,`ID_DEPTO`) values ('804','PASTO',22);
insert into `municipio`(`ID`,`NOMBRE`,`ID_DEPTO`) values ('805','ALBAN',22);
insert into `municipio`(`ID`,`NOMBRE`,`ID_DEPTO`) values ('806','ALDANA',22);
insert into `municipio`(`ID`,`NOMBRE`,`ID_DEPTO`) values ('807','ANCUYA',22);
insert into `municipio`(`ID`,`NOMBRE`,`ID_DEPTO`) values ('808','ARBOLEDA',22);
insert into `municipio`(`ID`,`NOMBRE`,`ID_DEPTO`) values ('809','BARBACOAS',22);
insert into `municipio`(`ID`,`NOMBRE`,`ID_DEPTO`) values ('81','MONTEBELLO',2);
insert into `municipio`(`ID`,`NOMBRE`,`ID_DEPTO`) values ('810','BELEN',22);
insert into `municipio`(`ID`,`NOMBRE`,`ID_DEPTO`) values ('811','BUESACO',22);
insert into `municipio`(`ID`,`NOMBRE`,`ID_DEPTO`) values ('812','COLON',22);
insert into `municipio`(`ID`,`NOMBRE`,`ID_DEPTO`) values ('813','CONSACA',22);
insert into `municipio`(`ID`,`NOMBRE`,`ID_DEPTO`) values ('814','CONTADERO',22);
insert into `municipio`(`ID`,`NOMBRE`,`ID_DEPTO`) values ('815','CORDOBA',22);
insert into `municipio`(`ID`,`NOMBRE`,`ID_DEPTO`) values ('816','CUASPUD',22);
insert into `municipio`(`ID`,`NOMBRE`,`ID_DEPTO`) values ('817','CUMBAL',22);
insert into `municipio`(`ID`,`NOMBRE`,`ID_DEPTO`) values ('818','CUMBITARA',22);
insert into `municipio`(`ID`,`NOMBRE`,`ID_DEPTO`) values ('819','CHACHAGsI',22);
insert into `municipio`(`ID`,`NOMBRE`,`ID_DEPTO`) values ('82','MURINDO',2);
insert into `municipio`(`ID`,`NOMBRE`,`ID_DEPTO`) values ('820','EL CHARCO',22);
insert into `municipio`(`ID`,`NOMBRE`,`ID_DEPTO`) values ('821','EL PEÑOL',22);
insert into `municipio`(`ID`,`NOMBRE`,`ID_DEPTO`) values ('822','EL ROSARIO',22);
insert into `municipio`(`ID`,`NOMBRE`,`ID_DEPTO`) values ('823','EL TABLON DE GOMEZ',22);
insert into `municipio`(`ID`,`NOMBRE`,`ID_DEPTO`) values ('824','EL TAMBO',22);
insert into `municipio`(`ID`,`NOMBRE`,`ID_DEPTO`) values ('825','FUNES',22);
insert into `municipio`(`ID`,`NOMBRE`,`ID_DEPTO`) values ('826','GUACHUCAL',22);
insert into `municipio`(`ID`,`NOMBRE`,`ID_DEPTO`) values ('827','GUAITARILLA',22);
insert into `municipio`(`ID`,`NOMBRE`,`ID_DEPTO`) values ('828','GUALMATAN',22);
insert into `municipio`(`ID`,`NOMBRE`,`ID_DEPTO`) values ('829','ILES',22);
insert into `municipio`(`ID`,`NOMBRE`,`ID_DEPTO`) values ('83','MUTATA',2);
insert into `municipio`(`ID`,`NOMBRE`,`ID_DEPTO`) values ('830','IMUES',22);
insert into `municipio`(`ID`,`NOMBRE`,`ID_DEPTO`) values ('831','IPIALES',22);
insert into `municipio`(`ID`,`NOMBRE`,`ID_DEPTO`) values ('832','LA CRUZ',22);
insert into `municipio`(`ID`,`NOMBRE`,`ID_DEPTO`) values ('833','LA FLORIDA',22);
insert into `municipio`(`ID`,`NOMBRE`,`ID_DEPTO`) values ('834','LA LLANADA',22);
insert into `municipio`(`ID`,`NOMBRE`,`ID_DEPTO`) values ('835','LA TOLA',22);
insert into `municipio`(`ID`,`NOMBRE`,`ID_DEPTO`) values ('836','LA UNION',22);
insert into `municipio`(`ID`,`NOMBRE`,`ID_DEPTO`) values ('837','LEIVA',22);
insert into `municipio`(`ID`,`NOMBRE`,`ID_DEPTO`) values ('838','LINARES',22);
insert into `municipio`(`ID`,`NOMBRE`,`ID_DEPTO`) values ('839','LOS ANDES',22);
insert into `municipio`(`ID`,`NOMBRE`,`ID_DEPTO`) values ('84','NARIÑO',2);
insert into `municipio`(`ID`,`NOMBRE`,`ID_DEPTO`) values ('840','MAGsI',22);
insert into `municipio`(`ID`,`NOMBRE`,`ID_DEPTO`) values ('841','MALLAMA',22);
insert into `municipio`(`ID`,`NOMBRE`,`ID_DEPTO`) values ('842','MOSQUERA',22);
insert into `municipio`(`ID`,`NOMBRE`,`ID_DEPTO`) values ('843','NARIÑO',22);
insert into `municipio`(`ID`,`NOMBRE`,`ID_DEPTO`) values ('844','OLAYA HERRERA',22);
insert into `municipio`(`ID`,`NOMBRE`,`ID_DEPTO`) values ('845','OSPINA',22);
insert into `municipio`(`ID`,`NOMBRE`,`ID_DEPTO`) values ('846','FRANCISCO PIZARRO',22);
insert into `municipio`(`ID`,`NOMBRE`,`ID_DEPTO`) values ('847','POLICARPA',22);
insert into `municipio`(`ID`,`NOMBRE`,`ID_DEPTO`) values ('848','POTOSI',22);
insert into `municipio`(`ID`,`NOMBRE`,`ID_DEPTO`) values ('849','PROVIDENCIA',22);
insert into `municipio`(`ID`,`NOMBRE`,`ID_DEPTO`) values ('85','NECOCLI',2);
insert into `municipio`(`ID`,`NOMBRE`,`ID_DEPTO`) values ('850','PUERRES',22);
insert into `municipio`(`ID`,`NOMBRE`,`ID_DEPTO`) values ('851','PUPIALES',22);
insert into `municipio`(`ID`,`NOMBRE`,`ID_DEPTO`) values ('852','RICAURTE',22);
insert into `municipio`(`ID`,`NOMBRE`,`ID_DEPTO`) values ('853','ROBERTO PAYAN',22);
insert into `municipio`(`ID`,`NOMBRE`,`ID_DEPTO`) values ('854','SAMANIEGO',22);
insert into `municipio`(`ID`,`NOMBRE`,`ID_DEPTO`) values ('855','SANDONA',22);
insert into `municipio`(`ID`,`NOMBRE`,`ID_DEPTO`) values ('856','SAN BERNARDO',22);
insert into `municipio`(`ID`,`NOMBRE`,`ID_DEPTO`) values ('857','SAN LORENZO',22);
insert into `municipio`(`ID`,`NOMBRE`,`ID_DEPTO`) values ('858','SAN PABLO',22);
insert into `municipio`(`ID`,`NOMBRE`,`ID_DEPTO`) values ('859','SAN PEDRO DE CARTAGO',22);
insert into `municipio`(`ID`,`NOMBRE`,`ID_DEPTO`) values ('86','NECHI',2);
insert into `municipio`(`ID`,`NOMBRE`,`ID_DEPTO`) values ('860','SANTA BARBARA',22);
insert into `municipio`(`ID`,`NOMBRE`,`ID_DEPTO`) values ('861','SANTACRUZ',22);
insert into `municipio`(`ID`,`NOMBRE`,`ID_DEPTO`) values ('862','SAPUYES',22);
insert into `municipio`(`ID`,`NOMBRE`,`ID_DEPTO`) values ('863','TAMINANGO',22);
insert into `municipio`(`ID`,`NOMBRE`,`ID_DEPTO`) values ('864','TANGUA',22);
insert into `municipio`(`ID`,`NOMBRE`,`ID_DEPTO`) values ('865','SAN ANDRES DE TUMACO',22);
insert into `municipio`(`ID`,`NOMBRE`,`ID_DEPTO`) values ('866','TUQUERRES',22);
insert into `municipio`(`ID`,`NOMBRE`,`ID_DEPTO`) values ('867','YACUANQUER',23);
insert into `municipio`(`ID`,`NOMBRE`,`ID_DEPTO`) values ('868','MOCOA',23);
insert into `municipio`(`ID`,`NOMBRE`,`ID_DEPTO`) values ('869','COLON',23);
insert into `municipio`(`ID`,`NOMBRE`,`ID_DEPTO`) values ('87','OLAYA',2);
insert into `municipio`(`ID`,`NOMBRE`,`ID_DEPTO`) values ('870','ORITO',23);
insert into `municipio`(`ID`,`NOMBRE`,`ID_DEPTO`) values ('871','PUERTO ASIS',23);
insert into `municipio`(`ID`,`NOMBRE`,`ID_DEPTO`) values ('872','PUERTO CAICEDO',23);
insert into `municipio`(`ID`,`NOMBRE`,`ID_DEPTO`) values ('873','PUERTO GUZMAN',23);
insert into `municipio`(`ID`,`NOMBRE`,`ID_DEPTO`) values ('874','LEGUIZAMO',23);
insert into `municipio`(`ID`,`NOMBRE`,`ID_DEPTO`) values ('875','SIBUNDOY',23);
insert into `municipio`(`ID`,`NOMBRE`,`ID_DEPTO`) values ('876','SAN FRANCISCO',23);
insert into `municipio`(`ID`,`NOMBRE`,`ID_DEPTO`) values ('877','SAN MIGUEL',23);
insert into `municipio`(`ID`,`NOMBRE`,`ID_DEPTO`) values ('878','SANTIAGO',23);
insert into `municipio`(`ID`,`NOMBRE`,`ID_DEPTO`) values ('879','VALLE DEL GUAMUEZ',23);
insert into `municipio`(`ID`,`NOMBRE`,`ID_DEPTO`) values ('88','PEÐOL',2);
insert into `municipio`(`ID`,`NOMBRE`,`ID_DEPTO`) values ('880','VILLAGARZON',24);
insert into `municipio`(`ID`,`NOMBRE`,`ID_DEPTO`) values ('881','ARMENIA',24);
insert into `municipio`(`ID`,`NOMBRE`,`ID_DEPTO`) values ('882','BUENAVISTA',24);
insert into `municipio`(`ID`,`NOMBRE`,`ID_DEPTO`) values ('883','CALARCA',24);
insert into `municipio`(`ID`,`NOMBRE`,`ID_DEPTO`) values ('884','CIRCASIA',24);
insert into `municipio`(`ID`,`NOMBRE`,`ID_DEPTO`) values ('885','CORDOBA',24);
insert into `municipio`(`ID`,`NOMBRE`,`ID_DEPTO`) values ('886','FILANDIA',24);
insert into `municipio`(`ID`,`NOMBRE`,`ID_DEPTO`) values ('887','GENOVA',24);
insert into `municipio`(`ID`,`NOMBRE`,`ID_DEPTO`) values ('888','LA TEBAIDA',24);
insert into `municipio`(`ID`,`NOMBRE`,`ID_DEPTO`) values ('889','MONTENEGRO',24);
insert into `municipio`(`ID`,`NOMBRE`,`ID_DEPTO`) values ('89','PEQUE',2);
insert into `municipio`(`ID`,`NOMBRE`,`ID_DEPTO`) values ('890','PIJAO',24);
insert into `municipio`(`ID`,`NOMBRE`,`ID_DEPTO`) values ('891','QUIMBAYA',24);
insert into `municipio`(`ID`,`NOMBRE`,`ID_DEPTO`) values ('892','SALENTO',25);
insert into `municipio`(`ID`,`NOMBRE`,`ID_DEPTO`) values ('893','PEREIRA',25);
insert into `municipio`(`ID`,`NOMBRE`,`ID_DEPTO`) values ('894','APIA',25);
insert into `municipio`(`ID`,`NOMBRE`,`ID_DEPTO`) values ('895','BALBOA',25);
insert into `municipio`(`ID`,`NOMBRE`,`ID_DEPTO`) values ('896','BELEN DE UMBRIA',25);
insert into `municipio`(`ID`,`NOMBRE`,`ID_DEPTO`) values ('897','DOSQUEBRADAS',25);
insert into `municipio`(`ID`,`NOMBRE`,`ID_DEPTO`) values ('898','GUATICA',25);
insert into `municipio`(`ID`,`NOMBRE`,`ID_DEPTO`) values ('899','LA CELIA',25);
insert into `municipio`(`ID`,`NOMBRE`,`ID_DEPTO`) values ('9','PUERTO NARIÑO',1);
insert into `municipio`(`ID`,`NOMBRE`,`ID_DEPTO`) values ('90','PUEBLORRICO',2);
insert into `municipio`(`ID`,`NOMBRE`,`ID_DEPTO`) values ('900','LA VIRGINIA',25);
insert into `municipio`(`ID`,`NOMBRE`,`ID_DEPTO`) values ('901','MARSELLA',25);
insert into `municipio`(`ID`,`NOMBRE`,`ID_DEPTO`) values ('902','MISTRATO',25);
insert into `municipio`(`ID`,`NOMBRE`,`ID_DEPTO`) values ('903','PUEBLO RICO',25);
insert into `municipio`(`ID`,`NOMBRE`,`ID_DEPTO`) values ('904','QUINCHIA',25);
insert into `municipio`(`ID`,`NOMBRE`,`ID_DEPTO`) values ('905','SANTA ROSA DE CABAL',25);
insert into `municipio`(`ID`,`NOMBRE`,`ID_DEPTO`) values ('906','SANTUARIO',25);
insert into `municipio`(`ID`,`NOMBRE`,`ID_DEPTO`) values ('907','SAN ANDRES',26);
insert into `municipio`(`ID`,`NOMBRE`,`ID_DEPTO`) values ('908','PROVIDENCIA',26);
insert into `municipio`(`ID`,`NOMBRE`,`ID_DEPTO`) values ('909','BUCARAMANGA',27);
insert into `municipio`(`ID`,`NOMBRE`,`ID_DEPTO`) values ('91','PUERTO BERRIO',2);
insert into `municipio`(`ID`,`NOMBRE`,`ID_DEPTO`) values ('910','AGUADA',27);
insert into `municipio`(`ID`,`NOMBRE`,`ID_DEPTO`) values ('911','ALBANIA',27);
insert into `municipio`(`ID`,`NOMBRE`,`ID_DEPTO`) values ('912','ARATOCA',27);
insert into `municipio`(`ID`,`NOMBRE`,`ID_DEPTO`) values ('913','BARBOSA',27);
insert into `municipio`(`ID`,`NOMBRE`,`ID_DEPTO`) values ('914','BARICHARA',27);
insert into `municipio`(`ID`,`NOMBRE`,`ID_DEPTO`) values ('915','BARRANCABERMEJA',27);
insert into `municipio`(`ID`,`NOMBRE`,`ID_DEPTO`) values ('916','BETULIA',27);
insert into `municipio`(`ID`,`NOMBRE`,`ID_DEPTO`) values ('917','BOLIVAR',27);
insert into `municipio`(`ID`,`NOMBRE`,`ID_DEPTO`) values ('918','CABRERA',27);
insert into `municipio`(`ID`,`NOMBRE`,`ID_DEPTO`) values ('919','CALIFORNIA',27);
insert into `municipio`(`ID`,`NOMBRE`,`ID_DEPTO`) values ('92','PUERTO NARE',2);
insert into `municipio`(`ID`,`NOMBRE`,`ID_DEPTO`) values ('920','CAPITANEJO',27);
insert into `municipio`(`ID`,`NOMBRE`,`ID_DEPTO`) values ('921','CARCASI',27);
insert into `municipio`(`ID`,`NOMBRE`,`ID_DEPTO`) values ('922','CEPITA',27);
insert into `municipio`(`ID`,`NOMBRE`,`ID_DEPTO`) values ('923','CERRITO',27);
insert into `municipio`(`ID`,`NOMBRE`,`ID_DEPTO`) values ('924','CHARALA',27);
insert into `municipio`(`ID`,`NOMBRE`,`ID_DEPTO`) values ('925','CHARTA',27);
insert into `municipio`(`ID`,`NOMBRE`,`ID_DEPTO`) values ('926','CHIMA',27);
insert into `municipio`(`ID`,`NOMBRE`,`ID_DEPTO`) values ('927','CHIPATA',27);
insert into `municipio`(`ID`,`NOMBRE`,`ID_DEPTO`) values ('928','CIMITARRA',27);
insert into `municipio`(`ID`,`NOMBRE`,`ID_DEPTO`) values ('929','CONCEPCION',27);
insert into `municipio`(`ID`,`NOMBRE`,`ID_DEPTO`) values ('93','PUERTO TRIUNFO',2);
insert into `municipio`(`ID`,`NOMBRE`,`ID_DEPTO`) values ('930','CONFINES',27);
insert into `municipio`(`ID`,`NOMBRE`,`ID_DEPTO`) values ('931','CONTRATACION',27);
insert into `municipio`(`ID`,`NOMBRE`,`ID_DEPTO`) values ('932','COROMORO',27);
insert into `municipio`(`ID`,`NOMBRE`,`ID_DEPTO`) values ('933','CURITI',27);
insert into `municipio`(`ID`,`NOMBRE`,`ID_DEPTO`) values ('934','EL CARMEN DE CHUCURI',27);
insert into `municipio`(`ID`,`NOMBRE`,`ID_DEPTO`) values ('935','EL GUACAMAYO',27);
insert into `municipio`(`ID`,`NOMBRE`,`ID_DEPTO`) values ('936','EL PEÑON',27);
insert into `municipio`(`ID`,`NOMBRE`,`ID_DEPTO`) values ('937','EL PLAYON',27);
insert into `municipio`(`ID`,`NOMBRE`,`ID_DEPTO`) values ('938','ENCINO',27);
insert into `municipio`(`ID`,`NOMBRE`,`ID_DEPTO`) values ('939','ENCISO',27);
insert into `municipio`(`ID`,`NOMBRE`,`ID_DEPTO`) values ('94','REMEDIOS',2);
insert into `municipio`(`ID`,`NOMBRE`,`ID_DEPTO`) values ('940','FLORIAN',27);
insert into `municipio`(`ID`,`NOMBRE`,`ID_DEPTO`) values ('941','FLORIDABLANCA',27);
insert into `municipio`(`ID`,`NOMBRE`,`ID_DEPTO`) values ('942','GALAN',27);
insert into `municipio`(`ID`,`NOMBRE`,`ID_DEPTO`) values ('943','GAMBITA',27);
insert into `municipio`(`ID`,`NOMBRE`,`ID_DEPTO`) values ('944','GIRON',27);
insert into `municipio`(`ID`,`NOMBRE`,`ID_DEPTO`) values ('945','GUACA',27);
insert into `municipio`(`ID`,`NOMBRE`,`ID_DEPTO`) values ('946','GUADALUPE',27);
insert into `municipio`(`ID`,`NOMBRE`,`ID_DEPTO`) values ('947','GUAPOTA',27);
insert into `municipio`(`ID`,`NOMBRE`,`ID_DEPTO`) values ('948','GUAVATA',27);
insert into `municipio`(`ID`,`NOMBRE`,`ID_DEPTO`) values ('949','GsEPSA',27);
insert into `municipio`(`ID`,`NOMBRE`,`ID_DEPTO`) values ('95','RETIRO',2);
insert into `municipio`(`ID`,`NOMBRE`,`ID_DEPTO`) values ('950','HATO',27);
insert into `municipio`(`ID`,`NOMBRE`,`ID_DEPTO`) values ('951','JESUS MARIA',27);
insert into `municipio`(`ID`,`NOMBRE`,`ID_DEPTO`) values ('952','JORDAN',27);
insert into `municipio`(`ID`,`NOMBRE`,`ID_DEPTO`) values ('953','LA BELLEZA',27);
insert into `municipio`(`ID`,`NOMBRE`,`ID_DEPTO`) values ('954','LANDAZURI',27);
insert into `municipio`(`ID`,`NOMBRE`,`ID_DEPTO`) values ('955','LA PAZ',27);
insert into `municipio`(`ID`,`NOMBRE`,`ID_DEPTO`) values ('956','LEBRIJA',27);
insert into `municipio`(`ID`,`NOMBRE`,`ID_DEPTO`) values ('957','LOS SANTOS',27);
insert into `municipio`(`ID`,`NOMBRE`,`ID_DEPTO`) values ('958','MACARAVITA',27);
insert into `municipio`(`ID`,`NOMBRE`,`ID_DEPTO`) values ('959','MALAGA',27);
insert into `municipio`(`ID`,`NOMBRE`,`ID_DEPTO`) values ('96','RIONEGRO',2);
insert into `municipio`(`ID`,`NOMBRE`,`ID_DEPTO`) values ('960','MATANZA',27);
insert into `municipio`(`ID`,`NOMBRE`,`ID_DEPTO`) values ('961','MOGOTES',27);
insert into `municipio`(`ID`,`NOMBRE`,`ID_DEPTO`) values ('962','MOLAGAVITA',27);
insert into `municipio`(`ID`,`NOMBRE`,`ID_DEPTO`) values ('963','OCAMONTE',27);
insert into `municipio`(`ID`,`NOMBRE`,`ID_DEPTO`) values ('964','OIBA',27);
insert into `municipio`(`ID`,`NOMBRE`,`ID_DEPTO`) values ('965','ONZAGA',27);
insert into `municipio`(`ID`,`NOMBRE`,`ID_DEPTO`) values ('966','PALMAR',27);
insert into `municipio`(`ID`,`NOMBRE`,`ID_DEPTO`) values ('967','PALMAS DEL SOCORRO',27);
insert into `municipio`(`ID`,`NOMBRE`,`ID_DEPTO`) values ('968','PARAMO',27);
insert into `municipio`(`ID`,`NOMBRE`,`ID_DEPTO`) values ('969','PIEDECUESTA',27);
insert into `municipio`(`ID`,`NOMBRE`,`ID_DEPTO`) values ('97','SABANALARGA',2);
insert into `municipio`(`ID`,`NOMBRE`,`ID_DEPTO`) values ('970','PINCHOTE',27);
insert into `municipio`(`ID`,`NOMBRE`,`ID_DEPTO`) values ('971','PUENTE NACIONAL',27);
insert into `municipio`(`ID`,`NOMBRE`,`ID_DEPTO`) values ('972','PUERTO PARRA',27);
insert into `municipio`(`ID`,`NOMBRE`,`ID_DEPTO`) values ('973','PUERTO WILCHES',27);
insert into `municipio`(`ID`,`NOMBRE`,`ID_DEPTO`) values ('974','RIONEGRO',27);
insert into `municipio`(`ID`,`NOMBRE`,`ID_DEPTO`) values ('975','SABANA DE TORRES',27);
insert into `municipio`(`ID`,`NOMBRE`,`ID_DEPTO`) values ('976','SAN ANDRES',27);
insert into `municipio`(`ID`,`NOMBRE`,`ID_DEPTO`) values ('977','SAN BENITO',27);
insert into `municipio`(`ID`,`NOMBRE`,`ID_DEPTO`) values ('978','SAN GIL',27);
insert into `municipio`(`ID`,`NOMBRE`,`ID_DEPTO`) values ('979','SAN JOAQUIN',27);
insert into `municipio`(`ID`,`NOMBRE`,`ID_DEPTO`) values ('98','SABANETA',2);
insert into `municipio`(`ID`,`NOMBRE`,`ID_DEPTO`) values ('980','SAN JOSE DE MIRANDA',27);
insert into `municipio`(`ID`,`NOMBRE`,`ID_DEPTO`) values ('981','SAN MIGUEL',27);
insert into `municipio`(`ID`,`NOMBRE`,`ID_DEPTO`) values ('982','SAN VICENTE DE CHUCURI',27);
insert into `municipio`(`ID`,`NOMBRE`,`ID_DEPTO`) values ('983','SANTA BARBARA',27);
insert into `municipio`(`ID`,`NOMBRE`,`ID_DEPTO`) values ('984','SANTA HELENA DEL OPON',27);
insert into `municipio`(`ID`,`NOMBRE`,`ID_DEPTO`) values ('985','SIMACOTA',27);
insert into `municipio`(`ID`,`NOMBRE`,`ID_DEPTO`) values ('986','SOCORRO',27);
insert into `municipio`(`ID`,`NOMBRE`,`ID_DEPTO`) values ('987','SUAITA',27);
insert into `municipio`(`ID`,`NOMBRE`,`ID_DEPTO`) values ('988','SUCRE',27);
insert into `municipio`(`ID`,`NOMBRE`,`ID_DEPTO`) values ('989','SURATA',27);
insert into `municipio`(`ID`,`NOMBRE`,`ID_DEPTO`) values ('99','SALGAR',2);
insert into `municipio`(`ID`,`NOMBRE`,`ID_DEPTO`) values ('990','TONA',27);
insert into `municipio`(`ID`,`NOMBRE`,`ID_DEPTO`) values ('991','VALLE DE SAN JOSE',27);
insert into `municipio`(`ID`,`NOMBRE`,`ID_DEPTO`) values ('992','VELEZ',27);
insert into `municipio`(`ID`,`NOMBRE`,`ID_DEPTO`) values ('993','VETAS',27);
insert into `municipio`(`ID`,`NOMBRE`,`ID_DEPTO`) values ('994','VILLANUEVA',27);
insert into `municipio`(`ID`,`NOMBRE`,`ID_DEPTO`) values ('995','ZAPATOCA',27);
insert into `municipio`(`ID`,`NOMBRE`,`ID_DEPTO`) values ('996','SINCELEJO',28);
insert into `municipio`(`ID`,`NOMBRE`,`ID_DEPTO`) values ('997','BUENAVISTA',28);
insert into `municipio`(`ID`,`NOMBRE`,`ID_DEPTO`) values ('998','CAIMITO',28);
insert into `municipio`(`ID`,`NOMBRE`,`ID_DEPTO`) values ('999','COLOSO',28);

insert into `categoria_usuario`(`ID`,`NOMBRE`) values (2,'MEDICO');
insert into `categoria_usuario`(`ID`,`NOMBRE`) values (3,'ENFERMERIA');
insert into `categoria_usuario`(`ID`,`NOMBRE`) values (4,'OTRA ESPECIALIDAD DE SALUD');
insert into `categoria_usuario`(`ID`,`NOMBRE`) values (5,'USUARIO OTRAS  DEPENDENCIAS');

insert into `tipo_regimen`(`ID`,`NOMBRE`) values (1,'CONTRIBUTIVO');
insert into `tipo_regimen`(`ID`,`NOMBRE`) values (2,'SUBSIDIADO');
insert into `tipo_regimen`(`ID`,`NOMBRE`) values (3,'VINCULADO');
insert into `tipo_regimen`(`ID`,`NOMBRE`) values (4,'PARTICULAR');
insert into `tipo_regimen`(`ID`,`NOMBRE`) values (5,'OTRO');

insert into `categoria_afiliado`(`ID`,`NOMBRE`,`CUOTA_COT`,`ID_REGIMEN`,`COPAGO_COT`,`CUOTA_BEN`,`COPAGO_BEN`,`MAX_COPAGO`) values (1,'A',2100,1,'0',2100,'11.5',100000);
insert into `categoria_afiliado`(`ID`,`NOMBRE`,`CUOTA_COT`,`ID_REGIMEN`,`COPAGO_COT`,`CUOTA_BEN`,`COPAGO_BEN`,`MAX_COPAGO`) values (2,'B',4500,1,'0',4500,'17.3',300000);
insert into `categoria_afiliado`(`ID`,`NOMBRE`,`CUOTA_COT`,`ID_REGIMEN`,`COPAGO_COT`,`CUOTA_BEN`,`COPAGO_BEN`,`MAX_COPAGO`) values (3,'C',7300,1,'0',7300,'23',500000);
insert into `categoria_afiliado`(`ID`,`NOMBRE`,`CUOTA_COT`,`ID_REGIMEN`,`COPAGO_COT`,`CUOTA_BEN`,`COPAGO_BEN`,`MAX_COPAGO`) values (4,'NA',0,2,'0',0,'0',0);

insert into `tipo_usuario`(`ID`,`NOMBRE`,`ID_CATEGORIA_USUARIO`) values (1,'MEDICINA GENERAL',2);
insert into `tipo_usuario`(`ID`,`NOMBRE`,`ID_CATEGORIA_USUARIO`) values (2,'MEDICINA ESPECIALIZADA',2);
insert into `tipo_usuario`(`ID`,`NOMBRE`,`ID_CATEGORIA_USUARIO`) values (3,'ENFERMERIA SUPERIOR',3);
insert into `tipo_usuario`(`ID`,`NOMBRE`,`ID_CATEGORIA_USUARIO`) values (4,'AUXILIAR ENFERMERIA',3);
insert into `tipo_usuario`(`ID`,`NOMBRE`,`ID_CATEGORIA_USUARIO`) values (5,'FONOAUDIOLOGIA',4);
insert into `tipo_usuario`(`ID`,`NOMBRE`,`ID_CATEGORIA_USUARIO`) values (6,'FISIOTERAPIA',4);
insert into `tipo_usuario`(`ID`,`NOMBRE`,`ID_CATEGORIA_USUARIO`) values (7,'SICOLOGIA',4);
insert into `tipo_usuario`(`ID`,`NOMBRE`,`ID_CATEGORIA_USUARIO`) values (8,'OTROS',5);
insert into `tipo_usuario`(`ID`,`NOMBRE`,`ID_CATEGORIA_USUARIO`) values (9,'ODONTOLOGIA',4);
insert into `tipo_usuario`(`ID`,`NOMBRE`,`ID_CATEGORIA_USUARIO`) values (10,'BACTERIOLOGO(A)',4);
insert into `tipo_usuario`(`ID`,`NOMBRE`,`ID_CATEGORIA_USUARIO`) values (12,'AUXILIAR DE HIGUIENE ORAL',4);

insert into `tipo_identificacion`(`ID`,`NOMBRE`) values ('AS','ADULTO SIN IDENTIFICACION');
insert into `tipo_identificacion`(`ID`,`NOMBRE`) values ('CC','CEDULA');
insert into `tipo_identificacion`(`ID`,`NOMBRE`) values ('CE','CEDULA DE EXTRANJERIA');
insert into `tipo_identificacion`(`ID`,`NOMBRE`) values ('MS','MENOR SIN IDENTIFICACION');
insert into `tipo_identificacion`(`ID`,`NOMBRE`) values ('NU','NUMERO UNICO DE IDENTIFICACION');
insert into `tipo_identificacion`(`ID`,`NOMBRE`) values ('PA','PASAPORTE');
insert into `tipo_identificacion`(`ID`,`NOMBRE`) values ('RC','REGISTRO CIVIL');
insert into `tipo_identificacion`(`ID`,`NOMBRE`) values ('TI','TARJETA DE IDENTIDAD');

insert into `tipodiagnostico`(`ID`,`NOMBRE`) values (1,'Impresión diagnostico');
insert into `tipodiagnostico`(`ID`,`NOMBRE`) values (2,'Confirmado nuevo');
insert into `tipodiagnostico`(`ID`,`NOMBRE`) values (3,'Confirmado repetido');

insert into `tipo_afiliado`(`ID`,`NOMBRE`) values (1,'COTIZANTE');
insert into `tipo_afiliado`(`ID`,`NOMBRE`) values (2,'BENEFICIARIO');
insert into `tipo_afiliado`(`ID`,`NOMBRE`) values (3,'ADICIONAL');
insert into `tipo_afiliado`(`ID`,`NOMBRE`) values (4,'OTRO');

insert into `raza`(`ID`,`NOMBRE`) values (1,'BLANCA');
insert into `raza`(`ID`,`NOMBRE`) values (2,'AFRODESCENDIENTE');
insert into `raza`(`ID`,`NOMBRE`) values (3,'INDIGENA');
insert into `raza`(`ID`,`NOMBRE`) values (4,'MESTIZO');
insert into `raza`(`ID`,`NOMBRE`) values (5,'MULATO');
insert into `raza`(`ID`,`NOMBRE`) values (6,'ZAMBO');
insert into `raza`(`ID`,`NOMBRE`) values (7,'OTRAS');

insert into `estrato`(`ID`,`NOMBRE`) values (1,'1');
insert into `estrato`(`ID`,`NOMBRE`) values (2,'2');
insert into `estrato`(`ID`,`NOMBRE`) values (3,'3');
insert into `estrato`(`ID`,`NOMBRE`) values (4,'4');
insert into `estrato`(`ID`,`NOMBRE`) values (5,'5');
insert into `estrato`(`ID`,`NOMBRE`) values (6,'6');

insert into `facultad`(`ID`,`NOMBRE`, `estado`) values (1,'Facultad de Artes', 0);
insert into `facultad`(`ID`,`NOMBRE`, `estado`) values (2,'Facultad de Ciencias Agrarias', 0);
insert into `facultad`(`ID`,`NOMBRE`, `estado`) values (3,'Facultad de Ciencias de la Salud', 0);
insert into `facultad`(`ID`,`NOMBRE`, `estado`) values (4,'Facultad de Ciencias Contables, Económicas y Administrativas', 0);
insert into `facultad`(`ID`,`NOMBRE`, `estado`) values (5,'Facultad de Ciencias Humanas y Sociales', 0);
insert into `facultad`(`ID`,`NOMBRE`, `estado`) values (6,'Facultad de Ciencias Naturales, Exactas y de la Educación', 0);
insert into `facultad`(`ID`,`NOMBRE`, `estado`) values (7,'Facultad de Derecho, Ciencias Políticas y Sociales', 0);
insert into `facultad`(`ID`,`NOMBRE`, `estado`) values (8,'Facultad de Ingeniería Civil', 0);
insert into `facultad`(`ID`,`NOMBRE`, `estado`) values (9,'Facultad de Ingeniería Electrónica y Telecomunicaciones', 0);

insert into `grupo_usuario_tipo`(`id_usuario`,`id_tipo`,`login`) values (7,12,'odontologo');
insert into `grupo_usuario_tipo`(`id_usuario`,`id_tipo`,`login`) values (13,8,'secretaria');

insert into `parentesco`(`ID`,`NOMBRE`) values (1,'CONYUGUE O COMPAÑERO(A)');
insert into `parentesco`(`ID`,`NOMBRE`) values (2,'HIJO(A)');
insert into `parentesco`(`ID`,`NOMBRE`) values (3,'PADRE O MADRE');
insert into `parentesco`(`ID`,`NOMBRE`) values (4,'SEGUNDO GRADO DE CONSAGUINIDAD(HERMANOS)');
insert into `parentesco`(`ID`,`NOMBRE`) values (5,'TERCER GRADO DE CONSAGUINIDAD');
insert into `parentesco`(`ID`,`NOMBRE`) values (6,'MENOR DE 12 AÑOS SIN CONSAGUINIDAD');
insert into `parentesco`(`ID`,`NOMBRE`) values (7,'PADRE O MADRE DEL CONYUGUE');
insert into `parentesco`(`ID`,`NOMBRE`) values (8,'OTROS MIEMBROS PARIENTES');
insert into `parentesco`(`ID`,`NOMBRE`) values (9,'CABEZA DEL GRUPO FAMILIAR');
insert into `parentesco`(`ID`,`NOMBRE`) values (10,'OTRO - NO FAMILIAR');

INSERT INTO `tipo_cita_med`(`ID`, `NOMBRE`) VALUES ('1','Primera vez');
INSERT INTO `tipo_cita_med`(`ID`, `NOMBRE`) VALUES ('2','Control');
INSERT INTO `tipo_cita_med`(`ID`, `NOMBRE`) VALUES ('3','Revisión examenes');
insert into `programas`(`ID`,`NOMBRE`,`FACULTAD`, `estado`) values (1,'Administración de Empresas',4, 0);
insert into `programas`(`ID`,`NOMBRE`,`FACULTAD`, `estado`) values (2,'Antropología',5, 0);
insert into `programas`(`ID`,`NOMBRE`,`FACULTAD`, `estado`) values (3,'Artes Plásticas',1, 0);
insert into `programas`(`ID`,`NOMBRE`,`FACULTAD`, `estado`) values (4,'Biología',6, 0);
insert into `programas`(`ID`,`NOMBRE`,`FACULTAD`, `estado`) values (5,'Ciencia Política',7, 0);
insert into `programas`(`ID`,`NOMBRE`,`FACULTAD`, `estado`) values (6,'Comunicación Social',7, 0);
insert into `programas`(`ID`,`NOMBRE`,`FACULTAD`, `estado`) values (7,'Contaduría Pública',4, 0);
insert into `programas`(`ID`,`NOMBRE`,`FACULTAD`, `estado`) values (8,'Derecho',7, 0);
insert into `programas`(`ID`,`NOMBRE`,`FACULTAD`, `estado`) values (9,'Diseño Gráfico',1, 0);
insert into `programas`(`ID`,`NOMBRE`,`FACULTAD`, `estado`) values (10,'Dirección de Banda',1, 0);
insert into `programas`(`ID`,`NOMBRE`,`FACULTAD`, `estado`) values (11,'Economía',4, 0);
insert into `programas`(`ID`,`NOMBRE`,`FACULTAD`, `estado`) values (12,'Enfermería',3, 0);
insert into `programas`(`ID`,`NOMBRE`,`FACULTAD`, `estado`) values (13,'Filosofía',5, 0);
insert into `programas`(`ID`,`NOMBRE`,`FACULTAD`, `estado`) values (14,'Fisioterapia',3, 0);
insert into `programas`(`ID`,`NOMBRE`,`FACULTAD`, `estado`) values (15,'Fonoaudiología',3, 0);
insert into `programas`(`ID`,`NOMBRE`,`FACULTAD`, `estado`) values (16,'Geografía',5, 0);
insert into `programas`(`ID`,`NOMBRE`,`FACULTAD`, `estado`) values (17,'Geotecnología',8, 0);
insert into `programas`(`ID`,`NOMBRE`,`FACULTAD`, `estado`) values (18,'Historia',5, 0);
insert into `programas`(`ID`,`NOMBRE`,`FACULTAD`, `estado`) values (19,'Ingeniería Agroindustrial',2, 0);
insert into `programas`(`ID`,`NOMBRE`,`FACULTAD`, `estado`) values (20,'Ingeniería Agropecuaria',2, 0);
insert into `programas`(`ID`,`NOMBRE`,`FACULTAD`, `estado`) values (21,'Ingeniería Ambiental',8, 0);
insert into `programas`(`ID`,`NOMBRE`,`FACULTAD`, `estado`) values (22,'Ingeniería Civil',8, 0);
insert into `programas`(`ID`,`NOMBRE`,`FACULTAD`, `estado`) values (23,'Ingeniería Electrónica y Telecomunicaciones',9, 0);
insert into `programas`(`ID`,`NOMBRE`,`FACULTAD`, `estado`) values (24,'Ingeniería Forestal',2, 0);
insert into `programas`(`ID`,`NOMBRE`,`FACULTAD`, `estado`) values (25,'Ingeniería Física',6, 0);
insert into `programas`(`ID`,`NOMBRE`,`FACULTAD`, `estado`) values (26,'Ingeniería de Sistemas',9, 0);
insert into `programas`(`ID`,`NOMBRE`,`FACULTAD`, `estado`) values (27,'Ingeniería en Automática Industrial',9, 0);
insert into `programas`(`ID`,`NOMBRE`,`FACULTAD`, `estado`) values (28,'Lenguas Modernas',5, 0);
insert into `programas`(`ID`,`NOMBRE`,`FACULTAD`, `estado`) values (29,'Licenciatura en Educación Básica con Énfasis en Ciencias Naturales y Educación Ambiental',6, 0);
insert into `programas`(`ID`,`NOMBRE`,`FACULTAD`, `estado`) values (30,'Licenciatura en Educación Básica con Énfasis en Educación Artística',6, 0);
insert into `programas`(`ID`,`NOMBRE`,`FACULTAD`, `estado`) values (31,'Licenciatura en Educación Básica con Énfasis en Educación Física, Recreación y Deportes',6, 0);
insert into `programas`(`ID`,`NOMBRE`,`FACULTAD`, `estado`) values (32,'Licenciatura en Educación Básica con Énfasis en Lengua Castellana e Inglés',6, 0);
insert into `programas`(`ID`,`NOMBRE`,`FACULTAD`, `estado`) values (33,'Licenciatura en Español y Literatura',5, 0);
insert into `programas`(`ID`,`NOMBRE`,`FACULTAD`, `estado`) values (34,'Licenciatura en Etnoeducación',5, 0);
insert into `programas`(`ID`,`NOMBRE`,`FACULTAD`, `estado`) values (35,'Licenciatura en Lingüística y Semiótica (Santander de Quilichao)',5, 0);
insert into `programas`(`ID`,`NOMBRE`,`FACULTAD`, `estado`) values (36,'Licenciatura en Matemáticas',6, 0);
insert into `programas`(`ID`,`NOMBRE`,`FACULTAD`, `estado`) values (37,'Licenciatura en Música',1, 0);
insert into `programas`(`ID`,`NOMBRE`,`FACULTAD`, `estado`) values (38,'Música Instrumental',1, 0);
insert into `programas`(`ID`,`NOMBRE`,`FACULTAD`, `estado`) values (39,'Matemáticas',6, 0);
insert into `programas`(`ID`,`NOMBRE`,`FACULTAD`, `estado`) values (40,'Medicina',3, 0);
insert into `programas`(`ID`,`NOMBRE`,`FACULTAD`, `estado`) values (41,'Química',6, 0);
insert into `programas`(`ID`,`NOMBRE`,`FACULTAD`, `estado`) values (42,'Tecnología Agroindustrial',2, 0);
insert into `programas`(`ID`,`NOMBRE`,`FACULTAD`, `estado`) values (43,'Tecnología en Administración Financiera',4, 0);
insert into `programas`(`ID`,`NOMBRE`,`FACULTAD`, `estado`) values (44,'Tecnología en Telemática',9, 0);
insert into `programas`(`ID`,`NOMBRE`,`FACULTAD`, `estado`) values (45,'Turismo',4, 0);
insert into `programas`(`ID`,`NOMBRE`,`FACULTAD`, `estado`) values (46,'Postgrado, maestria, doctorado',1, 0);
insert into `programas`(`ID`,`NOMBRE`,`FACULTAD`, `estado`) values (47,'Postgrado, maestria, doctorado',2, 0);
insert into `programas`(`ID`,`NOMBRE`,`FACULTAD`, `estado`) values (48,'Postgrado, maestria, doctorado',3, 0);
insert into `programas`(`ID`,`NOMBRE`,`FACULTAD`, `estado`) values (49,'Postgrado, maestria, doctorado',4, 0);
insert into `programas`(`ID`,`NOMBRE`,`FACULTAD`, `estado`) values (50,'Postgrado, maestria, doctorado',5, 0);
insert into `programas`(`ID`,`NOMBRE`,`FACULTAD`, `estado`) values (51,'Postgrado, maestria, doctorado',6, 0);
insert into `programas`(`ID`,`NOMBRE`,`FACULTAD`, `estado`) values (52,'Postgrado, maestria, doctorado',7, 0);
insert into `programas`(`ID`,`NOMBRE`,`FACULTAD`, `estado`) values (53,'Postgrado, maestria, doctorado',8, 0);
insert into `programas`(`ID`,`NOMBRE`,`FACULTAD`, `estado`) values (54,'Postgrado, maestria, doctorado',9, 0);

insert into `paciente`(`ID`,`FECHA_APERTURA`,`NOMBRE1`,`NOMBRE2`,`APELLIDO1`,`APELLIDO2`,`TIPO_IDENTIFICACION`,`IDENTIFICACION`,`SEXO`,`FECHA_NACIMIENTO`,`DEPTO_NACIMIENTO`,`MUNICIPIO_NACIMIENTO`,`DIRECCION`,`TELEFONO`,`DEPTO_RESIDENCIA`,`MUNICIPIO_RESIDENCIA`,`ZONA_RESIDENCIA`,`EPS`,`TIPO_REGIMEN`,`TIPO_AFILIADO`,`CATEGORIA_AFILIADO`,`ESTRATO`,`PERSONA_RESPONSABLE`,`PARENTESCO`,`DIRECCION_PRESPONSABLE`,`TELEFONO_PRESPONSABLE`,`RAZA`,`ESCOLARIDAD`,`ESTADO_CIVIL`,`OCUPACION`,`ESTADO`,`CARPETA`,`FACULTAD`,`PROGRAMA`) values (4,'2013-02-05','PABLO','','PEREZ','SEBUNDOI','CC','1234567','M','1995-01-26',19,'1','POPAYAN','8306404',19,'1','U',4,1,1,1,2,'PABLO PEREZ',10,'POPAYAN','8306404',1,8,1,'Estudiante','1',null,1,9);
insert into `paciente`(`ID`,`FECHA_APERTURA`,`NOMBRE1`,`NOMBRE2`,`APELLIDO1`,`APELLIDO2`,`TIPO_IDENTIFICACION`,`IDENTIFICACION`,`SEXO`,`FECHA_NACIMIENTO`,`DEPTO_NACIMIENTO`,`MUNICIPIO_NACIMIENTO`,`DIRECCION`,`TELEFONO`,`DEPTO_RESIDENCIA`,`MUNICIPIO_RESIDENCIA`,`ZONA_RESIDENCIA`,`EPS`,`TIPO_REGIMEN`,`TIPO_AFILIADO`,`CATEGORIA_AFILIADO`,`ESTRATO`,`PERSONA_RESPONSABLE`,`PARENTESCO`,`DIRECCION_PRESPONSABLE`,`TELEFONO_PRESPONSABLE`,`RAZA`,`ESCOLARIDAD`,`ESTADO_CIVIL`,`OCUPACION`,`ESTADO`,`CARPETA`,`FACULTAD`,`PROGRAMA`) values (5,'2013-02-05','ANDRES','ALEJANDRO','DIAZ','MORALES','CC','10297003','M','1982-07-12',19,'5','CALLE 8B NO18-25','3117351231',19,'1','U',2,4,4,1,2,'GUILLERMO A .DIAZ MORALES',null,'CALLE 8B NO 18-25','3117351231',4,10,1,'ESTUDIANTE','1','10297003',3,7);
insert into `paciente`(`ID`,`FECHA_APERTURA`,`NOMBRE1`,`NOMBRE2`,`APELLIDO1`,`APELLIDO2`,`TIPO_IDENTIFICACION`,`IDENTIFICACION`,`SEXO`,`FECHA_NACIMIENTO`,`DEPTO_NACIMIENTO`,`MUNICIPIO_NACIMIENTO`,`DIRECCION`,`TELEFONO`,`DEPTO_RESIDENCIA`,`MUNICIPIO_RESIDENCIA`,`ZONA_RESIDENCIA`,`EPS`,`TIPO_REGIMEN`,`TIPO_AFILIADO`,`CATEGORIA_AFILIADO`,`ESTRATO`,`PERSONA_RESPONSABLE`,`PARENTESCO`,`DIRECCION_PRESPONSABLE`,`TELEFONO_PRESPONSABLE`,`RAZA`,`ESCOLARIDAD`,`ESTADO_CIVIL`,`OCUPACION`,`ESTADO`,`CARPETA`,`FACULTAD`,`PROGRAMA`) values (6,'2013-02-05','SANDRA','JULIANA','PANTOJA','SANTACRUZ','CC','1061713518','F','1998-07-28',19,'1','CRA 22B 12-28','3104876424',19,'1','U',1,4,4,1,2,'NUBIA URREA',null,'PALACE','8209800',4,5,1,'ESTUDIANTE','1',null,2,19);
insert into `paciente`(`ID`,`FECHA_APERTURA`,`NOMBRE1`,`NOMBRE2`,`APELLIDO1`,`APELLIDO2`,`TIPO_IDENTIFICACION`,`IDENTIFICACION`,`SEXO`,`FECHA_NACIMIENTO`,`DEPTO_NACIMIENTO`,`MUNICIPIO_NACIMIENTO`,`DIRECCION`,`TELEFONO`,`DEPTO_RESIDENCIA`,`MUNICIPIO_RESIDENCIA`,`ZONA_RESIDENCIA`,`EPS`,`TIPO_REGIMEN`,`TIPO_AFILIADO`,`CATEGORIA_AFILIADO`,`ESTRATO`,`PERSONA_RESPONSABLE`,`PARENTESCO`,`DIRECCION_PRESPONSABLE`,`TELEFONO_PRESPONSABLE`,`RAZA`,`ESCOLARIDAD`,`ESTADO_CIVIL`,`OCUPACION`,`ESTADO`,`CARPETA`,`FACULTAD`,`PROGRAMA`) values (7,'2013-02-06','NGIE','NATHALIA','GALVIS','VIDAL','CC','1061758875','F','1993-05-07',19,'1','CRA 19 NO 8B-06','8212595',19,'1','U',1,5,4,1,2,'VICTOR G. GALVIS Y JENNY VIDAL',3,'CRA 19 NO 8B-06','8212595',4,10,1,'ES','1','1061758875',5,18);
insert into `paciente`(`ID`,`FECHA_APERTURA`,`NOMBRE1`,`NOMBRE2`,`APELLIDO1`,`APELLIDO2`,`TIPO_IDENTIFICACION`,`IDENTIFICACION`,`SEXO`,`FECHA_NACIMIENTO`,`DEPTO_NACIMIENTO`,`MUNICIPIO_NACIMIENTO`,`DIRECCION`,`TELEFONO`,`DEPTO_RESIDENCIA`,`MUNICIPIO_RESIDENCIA`,`ZONA_RESIDENCIA`,`EPS`,`TIPO_REGIMEN`,`TIPO_AFILIADO`,`CATEGORIA_AFILIADO`,`ESTRATO`,`PERSONA_RESPONSABLE`,`PARENTESCO`,`DIRECCION_PRESPONSABLE`,`TELEFONO_PRESPONSABLE`,`RAZA`,`ESCOLARIDAD`,`ESTADO_CIVIL`,`OCUPACION`,`ESTADO`,`CARPETA`,`FACULTAD`,`PROGRAMA`) values (8,'2013-02-06','FRANCISCO','JAVIER','ECHEVERRI','HENAO','CC','1061742602','M','1991-10-30',19,'1','CALLE 25 NTE NO 3-26','8230862',19,'1','U',1,5,4,1,2,'IRMA ECHEVERRY',3,'CALLE 25 NTE NO 3-26','8230862',4,10,1,'ESTUDIANTE','1','1061742602',2,19);
insert into `paciente`(`ID`,`FECHA_APERTURA`,`NOMBRE1`,`NOMBRE2`,`APELLIDO1`,`APELLIDO2`,`TIPO_IDENTIFICACION`,`IDENTIFICACION`,`SEXO`,`FECHA_NACIMIENTO`,`DEPTO_NACIMIENTO`,`MUNICIPIO_NACIMIENTO`,`DIRECCION`,`TELEFONO`,`DEPTO_RESIDENCIA`,`MUNICIPIO_RESIDENCIA`,`ZONA_RESIDENCIA`,`EPS`,`TIPO_REGIMEN`,`TIPO_AFILIADO`,`CATEGORIA_AFILIADO`,`ESTRATO`,`PERSONA_RESPONSABLE`,`PARENTESCO`,`DIRECCION_PRESPONSABLE`,`TELEFONO_PRESPONSABLE`,`RAZA`,`ESCOLARIDAD`,`ESTADO_CIVIL`,`OCUPACION`,`ESTADO`,`CARPETA`,`FACULTAD`,`PROGRAMA`) values (9,'2013-02-06','NAUDY','PAOLA','ARBOLEDA','PALOMINO','CC','1112218761','M','1985-03-03',19,'9','CRA 5 NO 10-37 EL EMPEDRADO','8388966-3165389970',19,'1','U',2,2,2,4,2,'MARINO ARBOLEDA',1,'TIMBIQUI','3164955103-HERMANA',2,10,1,'Docente','1','1112218761',1,8);
insert into `paciente`(`ID`,`FECHA_APERTURA`,`NOMBRE1`,`NOMBRE2`,`APELLIDO1`,`APELLIDO2`,`TIPO_IDENTIFICACION`,`IDENTIFICACION`,`SEXO`,`FECHA_NACIMIENTO`,`DEPTO_NACIMIENTO`,`MUNICIPIO_NACIMIENTO`,`DIRECCION`,`TELEFONO`,`DEPTO_RESIDENCIA`,`MUNICIPIO_RESIDENCIA`,`ZONA_RESIDENCIA`,`EPS`,`TIPO_REGIMEN`,`TIPO_AFILIADO`,`CATEGORIA_AFILIADO`,`ESTRATO`,`PERSONA_RESPONSABLE`,`PARENTESCO`,`DIRECCION_PRESPONSABLE`,`TELEFONO_PRESPONSABLE`,`RAZA`,`ESCOLARIDAD`,`ESTADO_CIVIL`,`OCUPACION`,`ESTADO`,`CARPETA`,`FACULTAD`,`PROGRAMA`) values (10,'2013-02-06','VILMA','ROCIO','ALARCON','BAMBAGUE','CC','1061722812','F','1989-09-05',31,'1','CALLE 19BN-2-46','3015909102',19,'1','U',1,5,4,1,2,'LUIS ARIEL ALARCON',3,'CRA 6 NO 5-61','3204913131',4,10,1,'ESTUDIANTE','1','1061722812',8,21);
insert into `paciente`(`ID`,`FECHA_APERTURA`,`NOMBRE1`,`NOMBRE2`,`APELLIDO1`,`APELLIDO2`,`TIPO_IDENTIFICACION`,`IDENTIFICACION`,`SEXO`,`FECHA_NACIMIENTO`,`DEPTO_NACIMIENTO`,`MUNICIPIO_NACIMIENTO`,`DIRECCION`,`TELEFONO`,`DEPTO_RESIDENCIA`,`MUNICIPIO_RESIDENCIA`,`ZONA_RESIDENCIA`,`EPS`,`TIPO_REGIMEN`,`TIPO_AFILIADO`,`CATEGORIA_AFILIADO`,`ESTRATO`,`PERSONA_RESPONSABLE`,`PARENTESCO`,`DIRECCION_PRESPONSABLE`,`TELEFONO_PRESPONSABLE`,`RAZA`,`ESCOLARIDAD`,`ESTADO_CIVIL`,`OCUPACION`,`ESTADO`,`CARPETA`,`FACULTAD`,`PROGRAMA`) values (11,'2013-02-06','JORGE','ENRIQUE','BENAVIDES','CORREA','CC','19385965','M','1957-12-11',11,'1','CALLE 70 NO 5-78. LA PAZ','3105392944',19,'1','U',1,5,4,1,2,'JORGE E. BENAVIDES CORREA.',10,'CALLE 70 NO 5-78. LA PAZ','3105392944',4,10,1,'ESTUDIANTE','1','19385965',1,6);
insert into `paciente`(`ID`,`FECHA_APERTURA`,`NOMBRE1`,`NOMBRE2`,`APELLIDO1`,`APELLIDO2`,`TIPO_IDENTIFICACION`,`IDENTIFICACION`,`SEXO`,`FECHA_NACIMIENTO`,`DEPTO_NACIMIENTO`,`MUNICIPIO_NACIMIENTO`,`DIRECCION`,`TELEFONO`,`DEPTO_RESIDENCIA`,`MUNICIPIO_RESIDENCIA`,`ZONA_RESIDENCIA`,`EPS`,`TIPO_REGIMEN`,`TIPO_AFILIADO`,`CATEGORIA_AFILIADO`,`ESTRATO`,`PERSONA_RESPONSABLE`,`PARENTESCO`,`DIRECCION_PRESPONSABLE`,`TELEFONO_PRESPONSABLE`,`RAZA`,`ESCOLARIDAD`,`ESTADO_CIVIL`,`OCUPACION`,`ESTADO`,`CARPETA`,`FACULTAD`,`PROGRAMA`) values (12,'2013-01-28','DIANA','MARCELA','MUÑOZ','ELVIRA','CC','1061707603','F','1988-05-11',19,'1','CRA 13 3-04','3136628683',19,'1','R',1,5,4,1,2,'NUBIA URREA',10,'PALACE','8332051',4,10,1,'Estudiante','1',null,1,6);
insert into `paciente`(`ID`,`FECHA_APERTURA`,`NOMBRE1`,`NOMBRE2`,`APELLIDO1`,`APELLIDO2`,`TIPO_IDENTIFICACION`,`IDENTIFICACION`,`SEXO`,`FECHA_NACIMIENTO`,`DEPTO_NACIMIENTO`,`MUNICIPIO_NACIMIENTO`,`DIRECCION`,`TELEFONO`,`DEPTO_RESIDENCIA`,`MUNICIPIO_RESIDENCIA`,`ZONA_RESIDENCIA`,`EPS`,`TIPO_REGIMEN`,`TIPO_AFILIADO`,`CATEGORIA_AFILIADO`,`ESTRATO`,`PERSONA_RESPONSABLE`,`PARENTESCO`,`DIRECCION_PRESPONSABLE`,`TELEFONO_PRESPONSABLE`,`RAZA`,`ESCOLARIDAD`,`ESTADO_CIVIL`,`OCUPACION`,`ESTADO`,`CARPETA`,`FACULTAD`,`PROGRAMA`) values (13,'2013-02-06','CARMEN','STELLA','HOYOS','FERNANDEZ','CC','34550322','F','1967-01-13',19,'1','CALLE 25 NO 10-111 EL DEAN','8367473',19,'1','U',1,1,1,1,2,'CARMEN S HOYOS FERNANDEZ',10,'CALLE 25 NO 10-111 EL DEAN','8367473',4,10,3,'ESTUDIANTE','1','34550322',1,30);
insert into `paciente`(`ID`,`FECHA_APERTURA`,`NOMBRE1`,`NOMBRE2`,`APELLIDO1`,`APELLIDO2`,`TIPO_IDENTIFICACION`,`IDENTIFICACION`,`SEXO`,`FECHA_NACIMIENTO`,`DEPTO_NACIMIENTO`,`MUNICIPIO_NACIMIENTO`,`DIRECCION`,`TELEFONO`,`DEPTO_RESIDENCIA`,`MUNICIPIO_RESIDENCIA`,`ZONA_RESIDENCIA`,`EPS`,`TIPO_REGIMEN`,`TIPO_AFILIADO`,`CATEGORIA_AFILIADO`,`ESTRATO`,`PERSONA_RESPONSABLE`,`PARENTESCO`,`DIRECCION_PRESPONSABLE`,`TELEFONO_PRESPONSABLE`,`RAZA`,`ESCOLARIDAD`,`ESTADO_CIVIL`,`OCUPACION`,`ESTADO`,`CARPETA`,`FACULTAD`,`PROGRAMA`) values (14,'2013-02-06','JENSY','CAROLINA','SOLANO','CORREA','CC','1061730848','F','1990-08-10',19,'1','CRA 39 N 3-29','8363874',19,'1','U',1,5,4,1,2,'NANCY M. CORREA VASQUEZ',3,'CRA 39 N 3-29','8363874',4,10,1,'ESTUDIANTE','1','1061730848',9,27);
insert into `paciente`(`ID`,`FECHA_APERTURA`,`NOMBRE1`,`NOMBRE2`,`APELLIDO1`,`APELLIDO2`,`TIPO_IDENTIFICACION`,`IDENTIFICACION`,`SEXO`,`FECHA_NACIMIENTO`,`DEPTO_NACIMIENTO`,`MUNICIPIO_NACIMIENTO`,`DIRECCION`,`TELEFONO`,`DEPTO_RESIDENCIA`,`MUNICIPIO_RESIDENCIA`,`ZONA_RESIDENCIA`,`EPS`,`TIPO_REGIMEN`,`TIPO_AFILIADO`,`CATEGORIA_AFILIADO`,`ESTRATO`,`PERSONA_RESPONSABLE`,`PARENTESCO`,`DIRECCION_PRESPONSABLE`,`TELEFONO_PRESPONSABLE`,`RAZA`,`ESCOLARIDAD`,`ESTADO_CIVIL`,`OCUPACION`,`ESTADO`,`CARPETA`,`FACULTAD`,`PROGRAMA`) values (15,'2013-02-06','JAIRO','ALBERTO','URREA','PITO','CC','1061686182','M','1986-04-17',19,'1','CRA 40 B NO 4-36 LA MARIA','3162063263',19,'1','U',1,5,4,1,2,'JAIRO A. URREA PITO',10,'CRA 40 B NO 4-36 LA MARIA','3162063263',4,10,1,'ESTUDIANTE','1','1061686182',9,26);
insert into `paciente`(`ID`,`FECHA_APERTURA`,`NOMBRE1`,`NOMBRE2`,`APELLIDO1`,`APELLIDO2`,`TIPO_IDENTIFICACION`,`IDENTIFICACION`,`SEXO`,`FECHA_NACIMIENTO`,`DEPTO_NACIMIENTO`,`MUNICIPIO_NACIMIENTO`,`DIRECCION`,`TELEFONO`,`DEPTO_RESIDENCIA`,`MUNICIPIO_RESIDENCIA`,`ZONA_RESIDENCIA`,`EPS`,`TIPO_REGIMEN`,`TIPO_AFILIADO`,`CATEGORIA_AFILIADO`,`ESTRATO`,`PERSONA_RESPONSABLE`,`PARENTESCO`,`DIRECCION_PRESPONSABLE`,`TELEFONO_PRESPONSABLE`,`RAZA`,`ESCOLARIDAD`,`ESTADO_CIVIL`,`OCUPACION`,`ESTADO`,`CARPETA`,`FACULTAD`,`PROGRAMA`) values (16,'2013-02-06','JULIAN','ANDRES','ATENCIO','MOLINA','CC','76333204','M','1979-09-13',19,'1','CRA 41 A NO 3-24 MARIA OCCIDENTE','8366879',19,'1','U',1,5,4,1,2,'JULIANA A. ATENCIO MOLINA',10,'CRA 41 A NO 3-24 MARIA OCCIDENTE','8366879',4,10,3,'ESTUDIANTE','1','76333204',9,26);
insert into `paciente`(`ID`,`FECHA_APERTURA`,`NOMBRE1`,`NOMBRE2`,`APELLIDO1`,`APELLIDO2`,`TIPO_IDENTIFICACION`,`IDENTIFICACION`,`SEXO`,`FECHA_NACIMIENTO`,`DEPTO_NACIMIENTO`,`MUNICIPIO_NACIMIENTO`,`DIRECCION`,`TELEFONO`,`DEPTO_RESIDENCIA`,`MUNICIPIO_RESIDENCIA`,`ZONA_RESIDENCIA`,`EPS`,`TIPO_REGIMEN`,`TIPO_AFILIADO`,`CATEGORIA_AFILIADO`,`ESTRATO`,`PERSONA_RESPONSABLE`,`PARENTESCO`,`DIRECCION_PRESPONSABLE`,`TELEFONO_PRESPONSABLE`,`RAZA`,`ESCOLARIDAD`,`ESTADO_CIVIL`,`OCUPACION`,`ESTADO`,`CARPETA`,`FACULTAD`,`PROGRAMA`) values (17,'2013-02-06','CYNDI','PAOLA','GUERRERO','DELGADO','CC','1061703766','F','1988-12-16',19,'1','MOSCOPAN TORRE A8 APTO 303.','3133664318',19,'1','U',1,5,4,1,2,'JAIME GUERRERO Y CLAUDIA DELGA',3,'MOSCOPAN TORRE A8 APTO 303.','3133664318',4,10,1,'ESTUDIANTE','1','1061703766',1,8);
insert into `paciente`(`ID`,`FECHA_APERTURA`,`NOMBRE1`,`NOMBRE2`,`APELLIDO1`,`APELLIDO2`,`TIPO_IDENTIFICACION`,`IDENTIFICACION`,`SEXO`,`FECHA_NACIMIENTO`,`DEPTO_NACIMIENTO`,`MUNICIPIO_NACIMIENTO`,`DIRECCION`,`TELEFONO`,`DEPTO_RESIDENCIA`,`MUNICIPIO_RESIDENCIA`,`ZONA_RESIDENCIA`,`EPS`,`TIPO_REGIMEN`,`TIPO_AFILIADO`,`CATEGORIA_AFILIADO`,`ESTRATO`,`PERSONA_RESPONSABLE`,`PARENTESCO`,`DIRECCION_PRESPONSABLE`,`TELEFONO_PRESPONSABLE`,`RAZA`,`ESCOLARIDAD`,`ESTADO_CIVIL`,`OCUPACION`,`ESTADO`,`CARPETA`,`FACULTAD`,`PROGRAMA`) values (18,'2013-02-07','JILMAR','ANDREI','MUELAS','CALAMBAS','CC','10611430361','M','1989-06-06',19,'3','RESIDENCIAS UNIVERSITARIAS','3147767984',19,'1','U',1,5,4,1,2,'MARIO MUELAS Y ANA M CALAMBAS',3,'VEREDA JUAN ANBU','3147767984 ESTUDIANTE',3,10,1,'ESTUDIANTE','1','10611430361',1,31);
insert into `paciente`(`ID`,`FECHA_APERTURA`,`NOMBRE1`,`NOMBRE2`,`APELLIDO1`,`APELLIDO2`,`TIPO_IDENTIFICACION`,`IDENTIFICACION`,`SEXO`,`FECHA_NACIMIENTO`,`DEPTO_NACIMIENTO`,`MUNICIPIO_NACIMIENTO`,`DIRECCION`,`TELEFONO`,`DEPTO_RESIDENCIA`,`MUNICIPIO_RESIDENCIA`,`ZONA_RESIDENCIA`,`EPS`,`TIPO_REGIMEN`,`TIPO_AFILIADO`,`CATEGORIA_AFILIADO`,`ESTRATO`,`PERSONA_RESPONSABLE`,`PARENTESCO`,`DIRECCION_PRESPONSABLE`,`TELEFONO_PRESPONSABLE`,`RAZA`,`ESCOLARIDAD`,`ESTADO_CIVIL`,`OCUPACION`,`ESTADO`,`CARPETA`,`FACULTAD`,`PROGRAMA`) values (19,'2013-02-07','ANYI','TATIANA','ZUÑIGA','-','CC','1061701280','F','1986-08-27',19,'1','CRA 21 8-34','3137060790',19,'1','U',1,1,2,1,2,'MABEL ZUÑIGA',3,'CRA 21 8-34','3172956821',4,10,1,'ESTUDIANTE','1',null,8,21);
insert into `paciente`(`ID`,`FECHA_APERTURA`,`NOMBRE1`,`NOMBRE2`,`APELLIDO1`,`APELLIDO2`,`TIPO_IDENTIFICACION`,`IDENTIFICACION`,`SEXO`,`FECHA_NACIMIENTO`,`DEPTO_NACIMIENTO`,`MUNICIPIO_NACIMIENTO`,`DIRECCION`,`TELEFONO`,`DEPTO_RESIDENCIA`,`MUNICIPIO_RESIDENCIA`,`ZONA_RESIDENCIA`,`EPS`,`TIPO_REGIMEN`,`TIPO_AFILIADO`,`CATEGORIA_AFILIADO`,`ESTRATO`,`PERSONA_RESPONSABLE`,`PARENTESCO`,`DIRECCION_PRESPONSABLE`,`TELEFONO_PRESPONSABLE`,`RAZA`,`ESCOLARIDAD`,`ESTADO_CIVIL`,`OCUPACION`,`ESTADO`,`CARPETA`,`FACULTAD`,`PROGRAMA`) values (64,'2016-12-20','Juan','Manuel','Caicedo','Caicedo','CC','1062310500','M','1993-10-20',1,'1','calle','311',1,'1','U',1,1,1,1,1,'Elcy',1,'calle','311',2,5,1,'Estudiante','1',null,3,12);
