-- MySQL dump 10.13  Distrib 5.7.17, for Win64 (x86_64)
--
-- Host: localhost    Database: divsalud-bd
-- ------------------------------------------------------
-- Server version	5.7.17-log

/*!40101 SET @OLD_CHARACTER_SET_CLIENT=@@CHARACTER_SET_CLIENT */;
/*!40101 SET @OLD_CHARACTER_SET_RESULTS=@@CHARACTER_SET_RESULTS */;
/*!40101 SET @OLD_COLLATION_CONNECTION=@@COLLATION_CONNECTION */;
/*!40101 SET NAMES utf8 */;
/*!40103 SET @OLD_TIME_ZONE=@@TIME_ZONE */;
/*!40103 SET TIME_ZONE='+00:00' */;
/*!40014 SET @OLD_UNIQUE_CHECKS=@@UNIQUE_CHECKS, UNIQUE_CHECKS=0 */;
/*!40014 SET @OLD_FOREIGN_KEY_CHECKS=@@FOREIGN_KEY_CHECKS, FOREIGN_KEY_CHECKS=0 */;
/*!40101 SET @OLD_SQL_MODE=@@SQL_MODE, SQL_MODE='NO_AUTO_VALUE_ON_ZERO' */;
/*!40111 SET @OLD_SQL_NOTES=@@SQL_NOTES, SQL_NOTES=0 */;

--
-- Table structure for table `acompaniante_med`
--

DROP TABLE IF EXISTS `acompaniante_med`;
/*!40101 SET @saved_cs_client     = @@character_set_client */;
/*!40101 SET character_set_client = utf8 */;
CREATE TABLE `acompaniante_med` (
  `IDX` int(11) NOT NULL AUTO_INCREMENT,
  `ID` int(11) NOT NULL,
  `NOMBRE` varchar(70) DEFAULT NULL,
  `TELEFONO` varchar(15) DEFAULT NULL,
  `CELULAR` varchar(15) DEFAULT NULL,
  PRIMARY KEY (`IDX`),
  KEY `FK_Relationship_56` (`ID`),
  CONSTRAINT `FK_Relationship_56` FOREIGN KEY (`ID`) REFERENCES `parentesco` (`ID`)
) ENGINE=InnoDB AUTO_INCREMENT=2 DEFAULT CHARSET=utf8;
/*!40101 SET character_set_client = @saved_cs_client */;

--
-- Dumping data for table `acompaniante_med`
--

LOCK TABLES `acompaniante_med` WRITE;
/*!40000 ALTER TABLE `acompaniante_med` DISABLE KEYS */;
INSERT INTO `acompaniante_med` VALUES (1,8,'danilo','3104909172','3104909172');
/*!40000 ALTER TABLE `acompaniante_med` ENABLE KEYS */;
UNLOCK TABLES;

--
-- Table structure for table `actualizacion_odo`
--

DROP TABLE IF EXISTS `actualizacion_odo`;
/*!40101 SET @saved_cs_client     = @@character_set_client */;
/*!40101 SET character_set_client = utf8 */;
CREATE TABLE `actualizacion_odo` (
  `ID` int(11) NOT NULL AUTO_INCREMENT,
  `ID_PACIENTE` int(11) DEFAULT NULL,
  `ACOMPANANTE` varchar(40) DEFAULT NULL,
  `TELEFONO` varchar(40) DEFAULT NULL,
  `CELULAR` varchar(40) DEFAULT NULL,
  `PARENTESCO` varchar(30) DEFAULT NULL,
  `FECHA` date DEFAULT NULL,
  `HORA` varchar(5) DEFAULT NULL,
  `TIPO` varchar(40) DEFAULT NULL,
  `ID_USUARIO` int(11) DEFAULT NULL,
  PRIMARY KEY (`ID`),
  KEY `AK_FK_ACTUALIZACION_ODO_PACIENTE_IDX` (`ID_PACIENTE`),
  KEY `AK_FK_ACTUALIZACION_ODO_USUARIOSISTEMA_IDX` (`ID_USUARIO`),
  CONSTRAINT `FK_fk_actualizacion_odo_paciente` FOREIGN KEY (`ID_PACIENTE`) REFERENCES `paciente` (`ID`),
  CONSTRAINT `FK_fk_actualizacion_odo_usuariosistema` FOREIGN KEY (`ID_USUARIO`) REFERENCES `usuarios_sistema` (`ID`)
) ENGINE=InnoDB DEFAULT CHARSET=utf8;
/*!40101 SET character_set_client = @saved_cs_client */;

--
-- Dumping data for table `actualizacion_odo`
--

LOCK TABLES `actualizacion_odo` WRITE;
/*!40000 ALTER TABLE `actualizacion_odo` DISABLE KEYS */;
/*!40000 ALTER TABLE `actualizacion_odo` ENABLE KEYS */;
UNLOCK TABLES;

--
-- Table structure for table `alergeno_med`
--

DROP TABLE IF EXISTS `alergeno_med`;
/*!40101 SET @saved_cs_client     = @@character_set_client */;
/*!40101 SET character_set_client = utf8 */;
CREATE TABLE `alergeno_med` (
  `IDX` int(11) NOT NULL AUTO_INCREMENT,
  `IDX_TIPO_ALERGENO` int(11) DEFAULT NULL,
  `NOMBRE` varchar(100) DEFAULT NULL,
  `ESTADO` tinyint(1) NOT NULL,
  PRIMARY KEY (`IDX`),
  UNIQUE KEY `AK_NOMBRE_UNIQUE` (`NOMBRE`),
  KEY `FK_Relationship_61` (`IDX_TIPO_ALERGENO`),
  CONSTRAINT `FK_Relationship_61` FOREIGN KEY (`IDX_TIPO_ALERGENO`) REFERENCES `tipo_alergeno_med` (`IDX`)
) ENGINE=InnoDB DEFAULT CHARSET=utf8;
/*!40101 SET character_set_client = @saved_cs_client */;

--
-- Dumping data for table `alergeno_med`
--

LOCK TABLES `alergeno_med` WRITE;
/*!40000 ALTER TABLE `alergeno_med` DISABLE KEYS */;
/*!40000 ALTER TABLE `alergeno_med` ENABLE KEYS */;
UNLOCK TABLES;

--
-- Table structure for table `ant_familiar_consulta_med`
--

DROP TABLE IF EXISTS `ant_familiar_consulta_med`;
/*!40101 SET @saved_cs_client     = @@character_set_client */;
/*!40101 SET character_set_client = utf8 */;
CREATE TABLE `ant_familiar_consulta_med` (
  `IDX` int(11) NOT NULL AUTO_INCREMENT,
  `OBSERVACIONES` varchar(2000) DEFAULT NULL,
  `PADRE` int(11) DEFAULT NULL,
  `ABUELO_P` int(11) DEFAULT NULL,
  `ABUELA_P` int(11) DEFAULT NULL,
  `MADRE` int(11) DEFAULT NULL,
  `ABUELO_M` int(11) DEFAULT NULL,
  `ABUELA_M` int(11) DEFAULT NULL,
  `HERMANOS` int(11) DEFAULT NULL,
  `CONSULTA_MEDICA_MED_IDX` int(11) NOT NULL,
  `ANT_FAMILIARES_MED_IDX` int(11) NOT NULL,
  PRIMARY KEY (`IDX`),
  KEY `AK_FK_ANT_FAMILIAR_CONSULTA_MED_CONSULTA_MEDICA_MED1_IDX` (`CONSULTA_MEDICA_MED_IDX`),
  KEY `AK_FK_ANT_FAMILIAR_CONSULTA_MED_ANT_FAMILIARES_MED1_IDX` (`ANT_FAMILIARES_MED_IDX`),
  CONSTRAINT `FK_fk_ant_familiar_consulta_med_ant_familiares_med1` FOREIGN KEY (`ANT_FAMILIARES_MED_IDX`) REFERENCES `ant_familiares_med` (`IDX`),
  CONSTRAINT `FK_fk_ant_familiar_consulta_med_consulta_medica_med1` FOREIGN KEY (`CONSULTA_MEDICA_MED_IDX`) REFERENCES `consulta_medica_med` (`IDX`)
) ENGINE=InnoDB DEFAULT CHARSET=utf8;
/*!40101 SET character_set_client = @saved_cs_client */;

--
-- Dumping data for table `ant_familiar_consulta_med`
--

LOCK TABLES `ant_familiar_consulta_med` WRITE;
/*!40000 ALTER TABLE `ant_familiar_consulta_med` DISABLE KEYS */;
/*!40000 ALTER TABLE `ant_familiar_consulta_med` ENABLE KEYS */;
UNLOCK TABLES;

--
-- Table structure for table `ant_familiares_med`
--

DROP TABLE IF EXISTS `ant_familiares_med`;
/*!40101 SET @saved_cs_client     = @@character_set_client */;
/*!40101 SET character_set_client = utf8 */;
CREATE TABLE `ant_familiares_med` (
  `IDX` int(11) NOT NULL AUTO_INCREMENT,
  `NOMBRE` varchar(200) DEFAULT NULL,
  PRIMARY KEY (`IDX`)
) ENGINE=InnoDB AUTO_INCREMENT=10 DEFAULT CHARSET=utf8;
/*!40101 SET character_set_client = @saved_cs_client */;

--
-- Dumping data for table `ant_familiares_med`
--

LOCK TABLES `ant_familiares_med` WRITE;
/*!40000 ALTER TABLE `ant_familiares_med` DISABLE KEYS */;
INSERT INTO `ant_familiares_med` VALUES (1,'Hemofilia'),(2,'Dislipidemias'),(3,'Hipertensión'),(4,'Diabetes'),(5,'Cardiopatias'),(6,'Obesidad'),(7,'Tuberculosis'),(8,'Cancer'),(9,'Enfermedad Mental');
/*!40000 ALTER TABLE `ant_familiares_med` ENABLE KEYS */;
UNLOCK TABLES;

--
-- Table structure for table `ant_odo`
--

DROP TABLE IF EXISTS `ant_odo`;
/*!40101 SET @saved_cs_client     = @@character_set_client */;
/*!40101 SET character_set_client = utf8 */;
CREATE TABLE `ant_odo` (
  `ID` int(11) NOT NULL AUTO_INCREMENT,
  `ID_ACTUALIZACION` int(11) DEFAULT NULL,
  `NOMBRE` varchar(50) DEFAULT NULL,
  `RESULTADO` varchar(2) DEFAULT NULL,
  `TIPO` varchar(2) DEFAULT NULL,
  `ID_ANT` int(11) DEFAULT NULL,
  PRIMARY KEY (`ID`),
  KEY `AK_FK_ANTECEDENTE_ODO_ACTUALIZACION_ODO_IDX` (`ID_ACTUALIZACION`),
  KEY `AK_FK_ANTECEDENTE_ODO_ANTECEDENTE_IDX` (`ID_ANT`),
  CONSTRAINT `FK_fk_antecedente_odo_actualizacion_odo` FOREIGN KEY (`ID_ACTUALIZACION`) REFERENCES `actualizacion_odo` (`ID`),
  CONSTRAINT `FK_fk_antecedente_odo_antecedente` FOREIGN KEY (`ID_ANT`) REFERENCES `listado_ant_odon` (`ID`)
) ENGINE=InnoDB DEFAULT CHARSET=utf8;
/*!40101 SET character_set_client = @saved_cs_client */;

--
-- Dumping data for table `ant_odo`
--

LOCK TABLES `ant_odo` WRITE;
/*!40000 ALTER TABLE `ant_odo` DISABLE KEYS */;
/*!40000 ALTER TABLE `ant_odo` ENABLE KEYS */;
UNLOCK TABLES;

--
-- Table structure for table `categoria_afiliado`
--

DROP TABLE IF EXISTS `categoria_afiliado`;
/*!40101 SET @saved_cs_client     = @@character_set_client */;
/*!40101 SET character_set_client = utf8 */;
CREATE TABLE `categoria_afiliado` (
  `ID` int(11) NOT NULL,
  `NOMBRE` varchar(20) DEFAULT NULL,
  `CUOTA_COT` int(11) DEFAULT NULL,
  `ID_REGIMEN` int(11) DEFAULT NULL,
  `COPAGO_COT` varchar(4) DEFAULT NULL,
  `CUOTA_BEN` int(11) DEFAULT NULL,
  `COPAGO_BEN` varchar(4) DEFAULT NULL,
  `MAX_COPAGO` int(11) DEFAULT NULL,
  PRIMARY KEY (`ID`),
  KEY `AK_FK_CATEGORIA_AFILIADO_REGIMEM_IDX` (`ID_REGIMEN`),
  CONSTRAINT `FK_fk_categoria_afiliado_regimem` FOREIGN KEY (`ID_REGIMEN`) REFERENCES `tipo_regimen` (`ID`)
) ENGINE=InnoDB DEFAULT CHARSET=utf8;
/*!40101 SET character_set_client = @saved_cs_client */;

--
-- Dumping data for table `categoria_afiliado`
--

LOCK TABLES `categoria_afiliado` WRITE;
/*!40000 ALTER TABLE `categoria_afiliado` DISABLE KEYS */;
INSERT INTO `categoria_afiliado` VALUES (1,'A',2100,1,'0',2100,'11.5',100000),(2,'B',4500,1,'0',4500,'17.3',300000),(3,'C',7300,1,'0',7300,'23',500000),(4,'NA',0,2,'0',0,'0',0);
/*!40000 ALTER TABLE `categoria_afiliado` ENABLE KEYS */;
UNLOCK TABLES;

--
-- Table structure for table `categoria_usuario`
--

DROP TABLE IF EXISTS `categoria_usuario`;
/*!40101 SET @saved_cs_client     = @@character_set_client */;
/*!40101 SET character_set_client = utf8 */;
CREATE TABLE `categoria_usuario` (
  `ID` int(11) NOT NULL,
  `NOMBRE` varchar(40) DEFAULT NULL,
  PRIMARY KEY (`ID`)
) ENGINE=InnoDB DEFAULT CHARSET=utf8;
/*!40101 SET character_set_client = @saved_cs_client */;

--
-- Dumping data for table `categoria_usuario`
--

LOCK TABLES `categoria_usuario` WRITE;
/*!40000 ALTER TABLE `categoria_usuario` DISABLE KEYS */;
INSERT INTO `categoria_usuario` VALUES (2,'MEDICO'),(3,'ENFERMERIA'),(4,'OTRA ESPECIALIDAD DE SALUD'),(5,'USUARIO OTRAS  DEPENDENCIAS');
/*!40000 ALTER TABLE `categoria_usuario` ENABLE KEYS */;
UNLOCK TABLES;

--
-- Table structure for table `cita_medica_med`
--

DROP TABLE IF EXISTS `cita_medica_med`;
/*!40101 SET @saved_cs_client     = @@character_set_client */;
/*!40101 SET character_set_client = utf8 */;
CREATE TABLE `cita_medica_med` (
  `ID` int(11) NOT NULL AUTO_INCREMENT,
  `FECHA_PROGRAMADA` datetime DEFAULT NULL,
  `HORA_INICIO` time DEFAULT NULL,
  `HORA_FIN` time DEFAULT NULL,
  `TIPO_CITA_ID` int(11) NOT NULL,
  `USUARIOS_SISTEMA_ID` int(11) NOT NULL,
  `PACIENTE_ID` int(11) NOT NULL,
  `ESTADO` varchar(10) DEFAULT NULL,
  PRIMARY KEY (`ID`),
  UNIQUE KEY `AK_FECHA_PROGRAMADA_UNIQUE` (`FECHA_PROGRAMADA`),
  KEY `AK_FK_CITA_MEDICA_TIPO_CITA1_IDX` (`TIPO_CITA_ID`),
  KEY `FK_Relationship_58` (`USUARIOS_SISTEMA_ID`),
  KEY `FK_Relationship_64` (`PACIENTE_ID`),
  CONSTRAINT `FK_Relationship_58` FOREIGN KEY (`USUARIOS_SISTEMA_ID`) REFERENCES `usuarios_sistema` (`ID`),
  CONSTRAINT `FK_Relationship_64` FOREIGN KEY (`PACIENTE_ID`) REFERENCES `paciente` (`ID`),
  CONSTRAINT `FK_fk_cita_medica_tipo_cita1` FOREIGN KEY (`TIPO_CITA_ID`) REFERENCES `tipo_cita_med` (`ID`)
) ENGINE=InnoDB AUTO_INCREMENT=2 DEFAULT CHARSET=utf8;
/*!40101 SET character_set_client = @saved_cs_client */;

--
-- Dumping data for table `cita_medica_med`
--

LOCK TABLES `cita_medica_med` WRITE;
/*!40000 ALTER TABLE `cita_medica_med` DISABLE KEYS */;
INSERT INTO `cita_medica_med` VALUES (1,'2017-05-10 00:00:00','05:00:00','21:00:00',1,7,4,'espera');
/*!40000 ALTER TABLE `cita_medica_med` ENABLE KEYS */;
UNLOCK TABLES;

--
-- Table structure for table `consulta_alergeno_med`
--

DROP TABLE IF EXISTS `consulta_alergeno_med`;
/*!40101 SET @saved_cs_client     = @@character_set_client */;
/*!40101 SET character_set_client = utf8 */;
CREATE TABLE `consulta_alergeno_med` (
  `CON_IDX` int(11) NOT NULL,
  `IDX` int(11) NOT NULL,
  `OBSERVACIONES` longtext,
  PRIMARY KEY (`CON_IDX`,`IDX`),
  KEY `FK_Relationship_53` (`IDX`),
  CONSTRAINT `FK_Relationship_53` FOREIGN KEY (`IDX`) REFERENCES `alergeno_med` (`IDX`),
  CONSTRAINT `FK_Relationship_54` FOREIGN KEY (`CON_IDX`) REFERENCES `consulta_medica_med` (`IDX`)
) ENGINE=InnoDB DEFAULT CHARSET=utf8;
/*!40101 SET character_set_client = @saved_cs_client */;

--
-- Dumping data for table `consulta_alergeno_med`
--

LOCK TABLES `consulta_alergeno_med` WRITE;
/*!40000 ALTER TABLE `consulta_alergeno_med` DISABLE KEYS */;
/*!40000 ALTER TABLE `consulta_alergeno_med` ENABLE KEYS */;
UNLOCK TABLES;

--
-- Table structure for table `consulta_medica_med`
--

DROP TABLE IF EXISTS `consulta_medica_med`;
/*!40101 SET @saved_cs_client     = @@character_set_client */;
/*!40101 SET character_set_client = utf8 */;
CREATE TABLE `consulta_medica_med` (
  `IDX` int(11) NOT NULL AUTO_INCREMENT,
  `FECHA` date DEFAULT NULL,
  `MOTIVO` longtext,
  `ENFERMEDAD_ACTUAL` longtext,
  `PESO` decimal(4,2) DEFAULT NULL,
  `TALLA` decimal(4,2) DEFAULT NULL,
  `IMC` decimal(4,2) DEFAULT NULL,
  `TEMPERATURA` decimal(4,2) DEFAULT NULL,
  `FREC_CARDIACA` decimal(4,2) DEFAULT NULL,
  `FREC_RESPIRATORIA` decimal(4,2) DEFAULT NULL,
  `ANALISIS` longtext,
  `DIAGNOSTICO_MED_IDX` int(11) NOT NULL,
  `ACOMPANIANTE_MED_IDX` int(11) DEFAULT NULL,
  `PACIENTE_IDX` int(11) DEFAULT NULL,
  PRIMARY KEY (`IDX`),
  KEY `AK_FK_CONSULTA_MEDICA_MED_ACOMPANIANTE_MED1_IDX` (`ACOMPANIANTE_MED_IDX`),
  KEY `AK_FK_CONSULTA_MEDICA_MED_DIAGNOSTICO_MED1_IDX` (`DIAGNOSTICO_MED_IDX`),
  KEY `FK_Relationship_57` (`PACIENTE_IDX`),
  CONSTRAINT `FK_Relationship_57` FOREIGN KEY (`PACIENTE_IDX`) REFERENCES `paciente` (`ID`),
  CONSTRAINT `FK_fk_consulta_medica_med_acompaniante_med1` FOREIGN KEY (`ACOMPANIANTE_MED_IDX`) REFERENCES `acompaniante_med` (`IDX`)
) ENGINE=InnoDB DEFAULT CHARSET=utf8;
/*!40101 SET character_set_client = @saved_cs_client */;

--
-- Dumping data for table `consulta_medica_med`
--

LOCK TABLES `consulta_medica_med` WRITE;
/*!40000 ALTER TABLE `consulta_medica_med` DISABLE KEYS */;
/*!40000 ALTER TABLE `consulta_medica_med` ENABLE KEYS */;
UNLOCK TABLES;

--
-- Table structure for table `consulta_sistemas_cuerpo_med`
--

DROP TABLE IF EXISTS `consulta_sistemas_cuerpo_med`;
/*!40101 SET @saved_cs_client     = @@character_set_client */;
/*!40101 SET character_set_client = utf8 */;
CREATE TABLE `consulta_sistemas_cuerpo_med` (
  `IDX` int(11) NOT NULL AUTO_INCREMENT,
  `ESTADO_` int(11) DEFAULT NULL,
  `OBSERVACIONES` varchar(2000) DEFAULT NULL,
  `CONSULTA_MEDICA_MED_IDX` int(11) NOT NULL,
  `SISTEMA_CUERPO_MED_IDX` int(11) NOT NULL,
  PRIMARY KEY (`IDX`),
  KEY `AK_FK_CONSULTA_SISTEMAS_CUERPO_MED_CONSULTA_MEDICA_MED1_IDX` (`CONSULTA_MEDICA_MED_IDX`),
  KEY `AK_FK_CONSULTA_SISTEMAS_CUERPO_MED_SISTEMA_CUERPO_MED1_IDX` (`SISTEMA_CUERPO_MED_IDX`),
  CONSTRAINT `FK_fk_consulta_sistemas_cuerpo_med_consulta_medica_med1` FOREIGN KEY (`CONSULTA_MEDICA_MED_IDX`) REFERENCES `consulta_medica_med` (`IDX`),
  CONSTRAINT `FK_fk_consulta_sistemas_cuerpo_med_sistema_cuerpo_med1` FOREIGN KEY (`SISTEMA_CUERPO_MED_IDX`) REFERENCES `sistema_cuerpo_med` (`IDX`)
) ENGINE=InnoDB DEFAULT CHARSET=utf8;
/*!40101 SET character_set_client = @saved_cs_client */;

--
-- Dumping data for table `consulta_sistemas_cuerpo_med`
--

LOCK TABLES `consulta_sistemas_cuerpo_med` WRITE;
/*!40000 ALTER TABLE `consulta_sistemas_cuerpo_med` DISABLE KEYS */;
/*!40000 ALTER TABLE `consulta_sistemas_cuerpo_med` ENABLE KEYS */;
UNLOCK TABLES;

--
-- Table structure for table `depto`
--

DROP TABLE IF EXISTS `depto`;
/*!40101 SET @saved_cs_client     = @@character_set_client */;
/*!40101 SET character_set_client = utf8 */;
CREATE TABLE `depto` (
  `ID` int(11) NOT NULL,
  `NOMBRE` varchar(40) DEFAULT NULL,
  PRIMARY KEY (`ID`)
) ENGINE=InnoDB DEFAULT CHARSET=utf8;
/*!40101 SET character_set_client = @saved_cs_client */;

--
-- Dumping data for table `depto`
--

LOCK TABLES `depto` WRITE;
/*!40000 ALTER TABLE `depto` DISABLE KEYS */;
INSERT INTO `depto` VALUES (1,'AMAZONAS'),(2,'ANTIOQUIA'),(3,'ARAUCA'),(4,'ATLANTICO'),(5,'BOLIVAR'),(6,'BOYACA'),(7,'CALDAS'),(8,'CAQUETA'),(9,'CASANARE'),(10,'CAUCA'),(11,'CESAR'),(12,'CHOCO'),(13,'CORDOBA'),(14,'CUNDINAMARCA'),(15,'GUAINIA'),(16,'GUAVIARE'),(17,'HUILA'),(18,'LA GUAJIRA'),(19,'MAGDALENA'),(20,'META'),(21,'N. DE SANTANDER'),(22,'NARIÑO'),(23,'PUTUMAYO'),(24,'QUINDIO'),(25,'RISARALDA'),(26,'SAN ANDRES'),(27,'SANTANDER'),(28,'SUCRE'),(29,'TOLIMA'),(30,'VALLE DEL CAUCA'),(31,'VAUPES'),(32,'VICHADA');
/*!40000 ALTER TABLE `depto` ENABLE KEYS */;
UNLOCK TABLES;

--
-- Table structure for table `diagnostico_odo`
--

DROP TABLE IF EXISTS `diagnostico_odo`;
/*!40101 SET @saved_cs_client     = @@character_set_client */;
/*!40101 SET character_set_client = utf8 */;
CREATE TABLE `diagnostico_odo` (
  `ID` int(11) NOT NULL AUTO_INCREMENT,
  `ID_ACTUALIZACION` int(11) DEFAULT NULL,
  `DX` varchar(8) DEFAULT NULL,
  `DX1` varchar(8) DEFAULT NULL,
  `DX2` varchar(8) DEFAULT NULL,
  `DX3` varchar(8) DEFAULT NULL,
  `NDX` text,
  `NDX1` text,
  `NDX2` text,
  `NDX3` text,
  `TIPODIAGNOSTICO` int(11) DEFAULT NULL,
  PRIMARY KEY (`ID`),
  KEY `AK_FK_DIAGNOSTICO_ODO_ACTUALIZCION_IDX` (`ID_ACTUALIZACION`),
  KEY `AK_FK_DIAGNOSTICO_ODO_TIPO_DIAGNOSTICO_IDX` (`TIPODIAGNOSTICO`),
  CONSTRAINT `FK_fk_diagnostico_odo_actualizcion` FOREIGN KEY (`ID_ACTUALIZACION`) REFERENCES `actualizacion_odo` (`ID`),
  CONSTRAINT `FK_fk_diagnostico_odo_tipo_diagnostico` FOREIGN KEY (`TIPODIAGNOSTICO`) REFERENCES `tipodiagnostico` (`ID`)
) ENGINE=InnoDB DEFAULT CHARSET=utf8;
/*!40101 SET character_set_client = @saved_cs_client */;

--
-- Dumping data for table `diagnostico_odo`
--

LOCK TABLES `diagnostico_odo` WRITE;
/*!40000 ALTER TABLE `diagnostico_odo` DISABLE KEYS */;
/*!40000 ALTER TABLE `diagnostico_odo` ENABLE KEYS */;
UNLOCK TABLES;

--
-- Table structure for table `diagnosticocie10_odo`
--

DROP TABLE IF EXISTS `diagnosticocie10_odo`;
/*!40101 SET @saved_cs_client     = @@character_set_client */;
/*!40101 SET character_set_client = utf8 */;
CREATE TABLE `diagnosticocie10_odo` (
  `ID` varchar(6) NOT NULL,
  `NOMBRE` text NOT NULL,
  PRIMARY KEY (`ID`)
) ENGINE=InnoDB DEFAULT CHARSET=utf8;
/*!40101 SET character_set_client = @saved_cs_client */;

--
-- Dumping data for table `diagnosticocie10_odo`
--

LOCK TABLES `diagnosticocie10_odo` WRITE;
/*!40000 ALTER TABLE `diagnosticocie10_odo` DISABLE KEYS */;
INSERT INTO `diagnosticocie10_odo` VALUES ('A422',' ACTINOMICOSIS CERVICOFACIAL'),('B002',' GINGIVOESTOMATITIS Y FARINGOAMIGDALITIS HERPETICA'),('B009',' INFECCION DEBIDA A EL VIRUS DEL HERPES, NO ESPECIFICADA'),('B084',' ESTOMATITIS VESICULAR ENTEROVIRAL CON EXANTEMA'),('B370 ','ESTOMATITIS CANDIDIASICA'),('B378',' CANDIDIASIS DE OTROS SITIOS'),('B99 ','OTRAS ENFERMEDADES INFECCIOSAS Y LAS NO ESPECIFICADAS'),('C000',' TUMOR MALIGNO DEL LABIO SUPERIOR, CARA EXTERNA'),('C001',' TUMOR MALIGNO DEL LABIO INFERIOR, CARA EXTERNA'),('C002',' TUMOR MALIGNO DEL LABIO, CARA EXTERNA, SIN OTRA ESPECIFICACIÓN'),('C003',' TUMOR MALIGNO DEL LABIO SUPERIOR, CARA INTERNA'),('C004',' TUMOR MALIGNO DEL LABIO INFERIOR, CARA INTERNA'),('C005',' TUMOR MALIGNO DEL LABIO, CARA INTERNA, SIN OTRA ESPECIFICACION'),('C006',' TUMOR MALIGNO DE LA COMISURA LABIAL'),('C008',' LESION DE SITIOS CONTIGUOS DEL LABIO'),('C009',' TUMOR MALIGNO DEL LABIO, PARTE NO ESPECIFICADA'),('C01 ','TUMOR MALIGNO DE LA BASE DE LA LENGUA'),('C020',' TUMOR MALIGNO DE LA CARA DORSAL DE LA LENGUA'),('C021',' TUMOR MALIGNO DEL BORDE DE LA LENGUA'),('C022',' TUMOR MALIGNO DE LA CARA VENTRAL DE LA LENGUA'),('C023',' TUMOR MALIGNO DE LOS DOS TERCIOS ANTERIORES DE LA LENGUA, PARTE NO ESPECIFICADA'),('C024',' TUMOR MALIGNO DE LA AMIGDALA LINGUAL'),('C028',' LESION DE SITIOS CONTIGUOS DE LA LENGUA'),('C029',' TUMOR MALIGNO DE LA LENGUA, PARTE NO ESPECIFICADA'),('C030',' TUMOR MALIGNO DE LA ENCIA SUPERIOR'),('C031',' TUMOR MALIGNO DE LA ENCIA INFERIOR'),('C039',' TUMOR MALIGNO DE LA ENCIA, PARTE NO ESPECIFICADA'),('C040',' TUMOR MALIGNO DE LA PARTE ANTERIOR DEL PISO DE LA BOCA'),('C041',' TUMOR MALIGNO DE LA PARTE LATERAL DEL PISO DE LA BOCA'),('C048',' LESION DE SITIOS CONTIGUOS DEL PISO DE LA BOCA'),('C049',' TUMOR MALIGNO DEL PISO DE LA BOCA, PARTE NO ESPECIFICADA'),('C050',' TUMOR MALIGNO DEL PALADAR DURO'),('C051',' TUMOR MALIGNO DEL PALADAR BLANDO'),('C052',' TUMOR MALIGNO DE LA UVULA'),('C058',' LESION DE SITIOS CONTIGUOS DEL PALADAR'),('C059',' TUMOR MALIGNO DEL PALADAR, PARTE NO ESPECIFICADA'),('C060',' TUMOR MALIGNO DE LA MUCOSA DE LA MEJILLA'),('C061',' TUMOR MALIGNO DEL VESTIBULO DE LA BOCA'),('C062',' TUMOR MALIGNO DEL AREA RETROMOLAR'),('C068',' LESION DE SITIOS CONTIGUOS DE OTRAS PARTES Y DE LAS NO ESPECIFICADAS DE LA BOCA'),('C069',' TUMOR MALIGNO DE LA BOCA, PARTE NO ESPECIFICADA'),('C07 ','TUMOR MALIGNO DE LA GLANDULA PAROTIDA'),('C080',' TUMOR MALIGNO DE LA GLANDULA SUBMAXILAR'),('C081',' TUMOR MALIGNO DE LA GLANDULA SUBLINGUAL'),('C088',' LESION DE SITIOS CONTIGUOS DE LAS GLANDULAS SALIVALES MAYORES'),('C089',' TUMOR MALIGNO DE GLANDULA SALIVAL MAYOR, NO ESPECIFICADA'),('C098',' LESION DE SITIOS CONTIGUOS DE LA AMIGDALA'),('C109',' TUMOR MALIGNO DE LA OROFARINGE, PARTE NO ESPECIFICADA'),('C148',' LESION DE SITIOS CONTIGUOS DEL LABIO, DE LA CAVIDAD BUCAL Y DE LA LARINGE'),('C310',' TUMOR MALIGNO DEL SENO MAXILAR'),('C318',' LESION DE SITIOS CONTIGUOS DE LOS SENOS PARANASALES'),('C319',' TUMOR MALIGNO DEL SENO PARANASAL NO ESPECIFICADO'),('C410 ','TUMOR MALIGNO DE LOS HUESOS DEL CRANEO Y DE LA CARA'),('C411 ','TUMOR MALIGNO DEL HUESO DEL MAXILAR INFERIOR'),('C430 ','MELANOMA MALIGNO DEL LABIO'),('C440 ','TUMOR MALIGNO DE LA PIEL DEL LABIO'),('C462 ','SARCOMA DE KAPOSI DEL PALADAR'),('C760 ','TUMOR MALIGNO DE LA CABEZA, CARA Y CUELLO'),('D030 ','MELANOMA IN SITU DEL LABIO'),('D040 ','CARCINOMA IN SITU DE LA PIEL DEL LABIO'),('D100 ','TUMOR BENIGNO DEL LABIO'),('D101 ','TUMOR BENIGNO DE LA LENGUA'),('D102 ','TUMOR BENIGNO DEL PISO DE LA BOCA'),('D103 ','TUMOR BENIGNO DE OTRAS PARTES Y DE LAS NO ESPECIFICADAS DE LA BOCA'),('D164 ','TUMOR BENIGNO DE LOS HUESOS DEL CRANEO Y DE LA CARA'),('D165 ','TUMOR BENIGNO DEL MAXILAR INFERIOR'),('D220 ','NEVO MELANOCITICO DEL LABIO'),('D230 ','TUMOR BENIGNO DE LA PIEL DEL LABIO'),('D370 ','TUMOR DE COMPORTAMIENTO INCIERTO O DESCONOCIDO DEL LABIO, DE LA CAVIDAD BUCAL Y DE LA FARINGE'),('D433 ','TUMOR DE COMPORTAMIENTO INCIERTO O DESCONOCIDO DE LOS NERVIOS CRANEALES'),('F808 ','OTROS TRASTORNOS DEL DESARROLLO DEL HABLA Y DEL LENGUAJE'),('F809 ','TRASTORNO DEL DESARROLLO DEL HABLA Y DEL LENGUAJE NO ESPECIFICADO'),('F988 ','OTROS TRASTORNOS EMOCIONALES Y DEL COMPORTAMIENTO QUE APARECEN HABITUALMENTE EN LA NIÑEZ Y EN LA ADOLESCENCIA'),('G500 ','NEURALGIA DEL TRIGEMINO'),('G501 ','DOLOR FACIAL ATIPICO'),('G508 ','OTROS TRASTORNOS DEL TRIGEMINO'),('G509 ','TRASTORNOS DEL TRIGEMINO, NO ESPECIFICADO'),('G510 ','PARALISIS DE BELL'),('G513 ','ESPASMO HEMIFACIAL CLONICO'),('G518 ','OTROS TRASTORNOS DEL NERVIO FACIAL'),('G519 ','TRASTORNOS DEL NERVIO FACIAL, NO ESPECIFICADO'),('G530*',' NEURALGIA POSTHERPES ZOSTER (B02.2?)'),('J320 ','SINUSITIS MAXILAR CRONICA'),('K000 ','ANODONCIA'),('K001 ','DIENTES SUPERNUMERARIOS'),('K002 ','ANOMALIAS DEL TAMAÑO Y DE LA FORMA DEL DIENTE'),('K003 ','DIENTES MOTEADOS'),('K004 ','ALTERACIONES EN LA FORMACION DENTARIA'),('K005 ','ALTERACIONES HEREDITARIAS DE LA ESTRUCTURA DENTARIA, NO CLASIFICADAS EN OTRA PARTE'),('K006 ','ALTERACIONES EN LA ERUPCION DENTARIA'),('K007 ','SINDROME DE LA ERUPCION DENTARIA'),('K008 ','OTROS TRASTORNOS DEL DESARROLLO DE LOS DIENTES'),('K009 ','TRASTORNO DEL DESARROLLO DE LOS DIENTES, NO ESPECIFICADO'),('K010 ','DIENTES INCLUIDOS'),('K011 ','DIENTES IMPACTADOS'),('K020 ','CARIES LIMITADA AL ESMALTE'),('K021 ','CARIES DE LA DENTINA'),('K022 ','CARIES DEL CEMENTO'),('K023 ','CARIES DENTARIA DETENIDA'),('K024 ','ODONTOCLASIA'),('K028 ','OTRAS CARIES DENTALES'),('K029 ','CARIES DENTAL, NO ESPECIFICADA'),('K030',' ATRICION EXCESIVA DE LOS DIENTES'),('K031',' ABRASION DE LOS DIENTES'),('K032',' EROSION DE LOS DIENTES'),('K033',' REABSORCION PATOLOGICA DE LOS DIENTES'),('K034',' HIPERCEMENTOSIS'),('K035',' ANQUILOSIS DENTAL'),('K036',' DEPOSITOS [ACRECIONES] EN LOS DIENTES'),('K037',' CAMBIOS POSTERUPTIVOS DEL COLOR DE LOS TEJIDOS DENTALES DUROS'),('K038',' OTRAS ENFERMEDADES ESPECIFICADAS DE LOS TEJIDOS DUROS DE LOS DIENTES'),('K039',' ENFERMEDAD NO ESPECIFICADA DE LOS TEJIDOS DENTALES DUROS'),('K040',' PULPITIS'),('K041',' NECROSIS DE LA PULPA'),('K042',' DEGENERACION DE LA PULPA'),('K043',' FORMACION ANORMAL DE TEJIDO DURO EN LA PULPA'),('K044',' PERIODONTITIS APICAL AGUDA ORIGINADA EN LA PULPA'),('K045',' PERIODONTITIS APICAL CRONICA'),('K046',' ABSCESO PERIAPICAL CON FISTULA'),('K047',' ABSCESO PERIAPICAL SIN FISTULA'),('K048',' QUISTE RADICULAR'),('K049',' OTRAS ENFERMEDADES Y LAS NO ESPECIFICADAS DE LA PULPA Y DEL TEJIDO PERIAPICAL'),('K050',' GINGIVITIS AGUDA'),('K051',' GINGIVITIS CRONICA'),('K052',' PERIODONTITIS AGUDA'),('K053',' PERIODONTITIS CRONICA'),('K054',' PERIODONTOSIS'),('K055',' OTRAS ENFERMEDADES PERIODONTALES'),('K056',' ENFERMEDAD DE PERIODONTO, NO ESPECIFICADA'),('K060',' RETRACCION GINGIVAL'),('K061',' HIPERPLASIA GINGIVAL'),('K062',' LESIONES DE LA ENCIA Y DE LA ZONA EDENTULA ASOCIADAS CON TRAUMATISMO'),('K068',' OTROS TRASTORNOS ESPECIFICADOS DE LA ENCIA Y DE LA ZONA EDENTULA'),('K069',' TRASTORNO NO ESPECIFICADO DE LA ENCIA Y DE LA ZONA EDENTULA'),('K070',' ANOMALIAS EVIDENTES DEL TAMAÑO DE LOS MAXILARES'),('K071',' ANOMALIAS DE LA RELACION MAXILOBASILAR'),('K072',' ANOMALIAS DE LA RELACION ENTRE LOS ARCOS DENTARIOS'),('K073',' ANOMALIAS DE LA POSICION DEL DIENTE'),('K074',' MALOCLUSION DE TIPO NO ESPECIFICADO'),('K075',' ANOMALIAS DENTOFACIALES FUNCIONALES'),('K076',' TRASTORNOS DE LA ARTICULACION TEMPOROMAXILAR'),('K078',' OTRAS ANOMALIAS DENTOFACIALES'),('K079',' ANOMALIA DENTOFACIAL, NO ESPECIFICADA'),('K080',' EXFOLIACION DE LOS DIENTES DEBIDA A CAUSAS SISTEMICAS'),('K081',' PERDIDA DE DIENTES DEBIDA A ACCIDENTE, EXTRACCION O ENFERMEDAD PERIODONTAL LOCAL'),('K082',' ATROFIA DE REBORDE ALVEOLAR DESDENTADO'),('K083',' RAIZ DENTAL RETENIDA'),('K088',' OTRAS AFECCIONES ESPECIFICADAS DE LOS DIENTES Y DE SUS ESTRUCTURAS DE SOSTEN'),('K089',' TRASTORNO DE LOS DIENTES Y DE SUS ESTRUCTURAS DE SOSTEN, NO ESPECIFICADO'),('K090',' QUISTES ORIGINADOS POR EL DESARROLLO DE LOS DIENTES'),('K091',' QUISTES DE LAS FISURAS (NO ODONTOGENICOS)'),('K092',' OTROS QUISTES DE LOS MAXILARES'),('K098',' OTROS QUISTES DE LA REGION BUCAL, NO CLASIFICADOS EN OTRA PARTE'),('K099',' QUISTE DE LA REGION BUCAL, SIN OTRA ESPECIFICACION'),('K100',' TRASTORNOS DEL DESARROLLO DE LOS MAXILARES'),('K101',' GRANULOMA CENTRAL DE CELULAS GIGANTES'),('K102',' AFECCIONES INFLAMATORIAS DE LOS MAXILARES'),('K103',' ALVEOLITIS DEL MAXILAR'),('K108',' OTRAS ENFERMEDADES ESPECIFICADAS DE LOS MAXILARES'),('K109',' ENFERMEDAD DE LOS MAXILARES, NO ESPECIFICADA'),('K110',' ATROFIA DE GLANDULA SALIVAL'),('K111',' HIPERTROFIA DE GLANDULA SALIVAL'),('K112',' SIALADENITIS'),('K113',' ABSCESO DE GLANDULA SALIVAL'),('K114',' FISTULA DE GLANDULA SALIVAL'),('K115',' SIALOLITIASIS'),('K116',' MUCOCELE DE GLANDULA SALIVAL'),('K117',' ALTERACIONES DE LA SECRECION SALIVAL'),('K118',' OTRAS ENFERMEDADES DE LAS GLANDULAS SALIVALES'),('K119',' ENFERMEDAD DE GLANDULA SALIVAL. NO ESPECIFICADA'),('K120',' ESTOMATITIS AFTOSA RECURRENTE'),('K121',' OTRAS FORMAS DE ESTOMATITIS'),('K122',' CELULITIS Y ABSCESO DE BOCA'),('K130',' ENFERMEDADES DE LOS LABIOS'),('K131',' MORDEDURA DEL LABIO Y DE LA MEJILLA'),('K132',' LEUCOPLASIA Y OTRAS ALTERACIONES DEL EPITELIO BUCAL, INCLUYENDO LA LENGUA'),('K133',' LEUCOPLASIA PILOSA'),('K134',' GRANULOMA Y LESIONES SEMEJANTES DE LA MUCOSA BUCAL'),('K135',' FIBROSIS DE LA SUBMUCOSA BUCAL'),('K136',' HIPERPLASIA IRRITATIVA DE LA MUCOSA BUCAL'),('K137',' OTRAS LESIONES Y LAS NO ESPECIFICADAS DE LA MUCOSA BUCAL'),('K140',' GLOSITIS'),('K141',' LENGUA GEOGRAFICA'),('K142',' GLOSITIS ROMBOIDEA MEDIANA'),('K143',' HIPERTROFIA DE LAS PAPILAS LINGUALES'),('K144',' ATROFIA DE LAS PAPILAS LINGUALES'),('K145',' LENGUA PLEGADA'),('K146',' GLOSODINIA'),('K148',' OTRAS ENFERMEDADES DE LA LENGUA'),('K149',' ENFERMEDAD DE LA LENGUA, NO ESPECIFICADA'),('L032',' CELULITIS DE LA CARA'),('O293',' REACCION TOXICA A LA ANESTESIA LOCAL ADMINISTRADA DURANTE EL EMBARAZO'),('Q351',' FISURA DEL PALADAR DURO'),('Q353',' FISURA DEL PALADAR BLANDO'),('Q355',' FISURA DEL PALADAR DURO Y DEL PALADAR BLANDO'),('Q356',' FISURA DEL PALADAR, LINEA MEDIA'),('Q357',' FISURA DE LA UVULA'),('Q359',' FISURA DEL PALADAR, SIN OTRA ESPECIFICACION'),('Q360',' LABIO LEPORINO, BILATERAL'),('Q361',' LABIO LEPORINO, LINEA MEDIA'),('Q369',' LABIO LEPORINO, UNILATERAL'),('Q370',' FISURA DEL PALADAR DURO CON LABIO LEPORINO BILATERAL'),('Q371',' FISURA DEL PALADAR DURO CON LABIO LEPORINO, UNILATERAL'),('Q372',' FISURA DEL PALADAR BLANDO CON LABIO LEPORINO BILATERAL'),('Q373',' FISURA DEL PALADAR BLANDO CON LABIO LEPORINO UNILATERAL'),('Q374',' FISURA DEL PALADAR DURO Y DEL PALADAR BLANDO CON LABIO LEPORINO BILATERAL'),('Q375',' FISURA DEL PALADAR DURO Y DEL PALADAR BLANDO CON LABIO LEPORINO UNILATERAL'),('Q378',' FISURA DEL PALADAR CON LABIO LEPORINO BILATERAL, SIN OTRA ESPECIFICACION'),('Q379',' FISURA DEL PALADAR CON LABIO LEPORINO UNILATERAL, SIN OTRA ESPECIFICACION'),('Q380',' MALFORMACIONES CONGENITAS DE LOS LABIOS, NO CLASIFICADAS EN OTRA PARTE'),('Q381',' ANQUILOGLOSIA'),('Q382',' MACROGLOSIA'),('Q383',' OTRAS MALFORMACIONES CONGENITAS DE LA LENGUA'),('Q384',' MALFORMACIONES CONGENITAS DE LAS GLANDULAS Y DE LOS CONDUCTOS SALIVALES'),('Q385',' MALFORMACIONES CONGENITAS DEL PALADAR, NO CLASIFICADAS EN OTRA PARTE'),('Q386',' OTRAS MALFORMACIONES CONGENITAS DE LA BOCA'),('Q754',' DISOSTOSIS MAXILOFACIAL'),('Q758',' OTRAS MALFORMACIONES CONGENITAS ESPECIFICADAS DE LOS HUESOS DEL CRANEO Y DE LA CARA'),('Q759',' MALFORMACION CONGENITA NO ESPECIFICADA DE LOS HUESOS DEL CRANEO Y DE LA CARA'),('R040',' EPISTAXIS'),('S014',' HERIDA DE LA MEJILLA Y DE LA REGION TEMPOROMANDIBULAR'),('S015',' HERIDA DEL LABIO Y DE LA CAVIDAD BUCAL'),('S023',' FRACTURA DEL SUELO DE LA ORBITA'),('S024',' FRACTURA DEL MALAR Y DEL HUESO MAXILAR SUPERIOR'),('S025',' FRACTURA DE LOS DIENTES'),('S026',' FRACTURA DEL MAXILAR INFERIOR'),('S027',' FRACTURAS MULTIPLES QUE COMPROMETEN EL CRANEO Y LOS HUESOS DE LA CARA'),('S028',' FRACTURA DE OTROS HUESOS DEL CRANEO Y DE LA CARA'),('S030',' LUXACION DEL MAXILAR'),('S032',' LUXACION DE DIENTE'),('S034',' ESGUINCES Y TORCEDURAS DEL MAXILAR'),('S043 ','TRAUMATISMO DEL NERVIO TRIGEMINO [V PAR]'),('S045 ','TRAUMATISMO DEL NERVIO FACIAL [VII PAR]'),('S049 ','TRAUMATISMO DEL NERVIOS CRANEALES, NO ESPECIFICADO'),('T170 ','CUERPO EXTRAÑO EN SENO PARANASAL'),('T180 ','CUERPO EXTRAÑO EN LA BOCA'),('T490 ','ENVENENAMIENTO POR AGENTES TOPICOS QUE AFECTAN PRINCIPALMENTE LA PIEL Y LAS MEMBRANAS MUCOSAS Y POR DROGAS OFTALMOLOGICAS, OTORRINOLARINGOLOGICAS Y DENTALES: DROGAS LOCALES ANTIMICOTICAS, ANTIINFECCIOSAS Y ANTIINFLAMATORIAS, NO CLASIFICADAS EN OTRA PARTE'),('T491',' ENVENENAMIENTO POR AGENTES TOPICOS QUE AFECTAN PRINCIPALMENTE LA PIEL Y LAS MEMBRANAS MUCOSAS Y POR DROGAS OFTALMOLOGICAS, OTORRINOLARINGOLOGICAS Y DENTALES: ANTIPRURITICOS'),('T492',' ENVENENAMIENTO POR AGENTES TOPICOS QUE AFECTAN PRINCIPALMENTE LA PIEL Y LAS MEMBRANAS MUCOSAS Y POR DROGAS OFTALMOLOGICAS, OTORRINOLARINGOLOGICAS Y DENTALES: ASTRINGENTES Y DETERGENTES LOCALES'),('T493',' ENVENENAMIENTO POR AGENTES TOPICOS QUE AFECTAN PRINCIPALMENTE LA PIEL Y LAS MEMBRANAS MUCOSAS Y POR DROGAS OFTALMOLOGICAS, OTORRINOLARINGOLOGICAS Y DENTALES: EMOLIENTES, DEMULCENTES Y PROTECTORES'),('T494',' ENVENENENAMIENTO POR AGENTES TOPICOS QUE AFECTAN PRINCIPALMENTE LA PIEL Y LAS MEMBRANAS MUCOSAS Y POR DROGAS OFTALMOLOGICAS, OTORRINOLARINGOLOGICAS Y DENTALES: QUERATOLITICOS, QUERATOPLASTICOS, DROGAS Y OTRAS PREPARACIONES PARA EL TRATAMIENTO DEL CABELLO'),('T495',' ENVENENAMIENTO POR AGENTES TOPICOS QUE AFECTAN PRINCIPALMENTE LA PIEL Y LAS MEMBRANAS MUCOSAS Y POR DROGAS OFTALMOLOGICAS, OTORRINOLARINGOLOGICAS Y DENTALES: DROGAS Y PREPARACIONES OFTALMOLOGICAS'),('T496',' ENVENENAMIENTO POR AGENTES TOPICOS QUE AFECTAN PRINCIPALMENTE LA PIEL Y LAS MEMBRANAS MUCOSAS Y POR DROGAS OFTALMOLOGICAS, OTORRINOLARINGOLOGICAS Y DENTALES: DROGAS Y PREPARACIONES OTORRINOLARINGOLOGICAS'),('T497',' ENVENENAMIENTO POR AGENTES TOPICOS QUE AFECTAN PRINCIPALMENTE LA PIEL Y LAS MEMBRANAS MUCOSAS Y POR DROGAS OFTALMOLOGICAS, OTORRINOLARINGOLOGICAS Y DENTALES: DROGAS DENTALES, APLICADAS TOPICAMENTE'),('T498',' ENVENENAMIENTO POR AGENTES TOPICOS QUE AFECTAN PRINCIPALMENTE LA PIEL Y LAS MEMBRANAS MUCOSAS Y POR DROGAS OFTALMOLOGICAS, OTORRINOLARINGOLOGICAS Y DENTALES: OTROS AGENTES TOPICOS'),('T499',' ENVENENAMIENTO POR AGENTES TOPICOS QUE AFECTAN PRINCIPALMENTE LA PIEL Y LAS MEMBRANAS MUCOSAS Y POR DROGAS OFTALMOLOGICAS, OTORRINOLARINGOLOGICAS Y DENTALES: AGENTES TOPICOS, NO ESPECIFICADOS'),('T784','ALERGIA NO ESPECIFICADA'),('T882',' CHOQUE DEBIDA A ANESTESIA'),('T883',' HIPERTERMIA MALIGNA DEBIDA A ANESTESIA'),('T885',' OTRAS COMPLICACIONES DE LA ANESTESIA'),('T886',' CHOQUE ANAFILACTICO DEBIDO A EFECTO ADVERSO DE DROGA O MEDICAMENTO CORRECTO ADMINISTRADO APROPIADAMENTE'),('Y400',' EFECTOS ADVERSOS DE PENICILINAS'),('Y401',' EFECTOS ADVERSOS DE CEFALOSPORINAS Y OTROS ANTIBIOTICOS BETALACTAMICOS'),('Y403',' EFECTOS ADVERSOS DE LOS MACROLIDOS'),('Y404',' EFECTOS ADVERSOS DE TETRACICLINAS'),('Y405',' EFECTOS ADVERSOS DE AMINOGLICOSIDOS'),('Y406',' EFECTOS ADVERSOS DE RIFAMICINAS'),('Y407',' EFECTOS ADVERSOS DE ANTIBIOTICOS ANTIMICOTICOS USADOS SISTEMATICAMENTE'),('Y408',' EFECTOS ADVERSOS DE OTROS ANTIBIOTICOS SISTEMICOS'),('Y409',' EFECTOS ADVERSOS DE ANTIBIOTICO SISTEMICO NO ESPECIFICADO'),('Y410',' EFECTOS ADVERSOS DE SULFONAMIDAS'),('Y411',' EFECTOS ADVERSOS DE DROGAS ANTIMICOBACTERIANAS'),('Y458',' EFECTOS ADVERSOS DE OTROS ANALGESICOS Y ANTIPIRETICOS'),('Y459',' EFECTOS ADVERSOS DE DROGAS ANALGESICAS, ANTIPIRETICAS Y ANTIINFLAMATORIAS NO ESPECIFICADAS'),('Y483',' EFECTOS ADVERSOS DE GASES ANESTESICOS LOCALES'),('Y484',' EFECTOS ADVERSOS DE ANESTESICOS NO ESPECIFICADOS'),('Y850',' SECUELAS DE ACCIDENTE DE VEHICULO DE MOTOR'),('Y859',' SECUELAS DE OTROS ACCIDENTES DE TRANSPORTE, Y LOS NO ESPECIFICADOS'),('Y86 ','SECUELAS DE OTROS ACCIDENTES'),('Y870',' SECUELAS DE LESIONES AUTOINFLIGIDAS'),('Y871',' SECUELAS DE AGRESIONES'),('Y872',' SECUELAS DE EVENTOS DE INTENCION NO DETERMINADA'),('Y880','SECUELAS DE EFECTOS ADVERSOS CAUSADOS POR DROGAS, MEDICAMENTOS Y SUSTANCIAS BIOLOGICAS EN SU USO TERAPEUTICO'),('Y881',' SECUELAS DE INCIDENTES OCURRIDOS AL PACIENTE DURANTE PROCEDIMIENTOS MEDICOS Y QUIRURGICOS'),('Y882',' SECUELAS DE INCIDENTES ADVERSOS ASOCIADOS CON DISPOSITIVOS MEDICOS EN USO DIAGNOSTICO Y TERAPEUTICO'),('Y883','SECUELAS DE PROCEDIMIENTOS MEDICOS Y QUIRURGICOS COMO LA CAUSA DE REACCION ANORMAL DEL PACIENTE O DE COMPLICACION POSTERIOR, SIN MENCION DE INCIDENTE EN EL MOMENTO DE EFECTUAR EL PROCEDIMIENTO'),('Y890','SECUELAS DE INTERVENCION LEGAL'),('Y891 ','SECUELAS DE OPERACIONES DE GUERRA'),('Y899 ','SECUELAS DE CAUSA EXTERNA NO ESPECIFICADA'),('Z012 ','EXAMEN ODONTOLOGICO'),('Z463 ','PRUEBA Y AJUSTE DE PROTESIS DENTAL'),('Z464 ','PRUEBA Y AJUSTE DE DISPOSITIVO ORTODONCICO'),('Z965 ','PRESENCIA DE IMPLANTES DE RAIZ DE DIENTE Y DE MANDIBULA');
/*!40000 ALTER TABLE `diagnosticocie10_odo` ENABLE KEYS */;
UNLOCK TABLES;

--
-- Table structure for table `diagnosticos`
--

DROP TABLE IF EXISTS `diagnosticos`;
/*!40101 SET @saved_cs_client     = @@character_set_client */;
/*!40101 SET character_set_client = utf8 */;
CREATE TABLE `diagnosticos` (
  `CODIGO_CIE10` varchar(20) NOT NULL,
  `IDX_CONSULTA` int(11) NOT NULL,
  `IMPRESION` varchar(20) DEFAULT NULL,
  PRIMARY KEY (`CODIGO_CIE10`,`IDX_CONSULTA`),
  KEY `FK_Relationship_52` (`IDX_CONSULTA`),
  CONSTRAINT `FK_Relationship_52` FOREIGN KEY (`IDX_CONSULTA`) REFERENCES `consulta_medica_med` (`IDX`),
  CONSTRAINT `FK_Relationship_55` FOREIGN KEY (`CODIGO_CIE10`) REFERENCES `enfermedades_cie10_med` (`CODIGO`)
) ENGINE=InnoDB DEFAULT CHARSET=utf8;
/*!40101 SET character_set_client = @saved_cs_client */;

--
-- Dumping data for table `diagnosticos`
--

LOCK TABLES `diagnosticos` WRITE;
/*!40000 ALTER TABLE `diagnosticos` DISABLE KEYS */;
/*!40000 ALTER TABLE `diagnosticos` ENABLE KEYS */;
UNLOCK TABLES;

--
-- Table structure for table `enfermedades_cie10_med`
--

DROP TABLE IF EXISTS `enfermedades_cie10_med`;
/*!40101 SET @saved_cs_client     = @@character_set_client */;
/*!40101 SET character_set_client = utf8 */;
CREATE TABLE `enfermedades_cie10_med` (
  `CODIGO` varchar(20) NOT NULL,
  `DESCRIPCION` varchar(200) DEFAULT NULL,
  `ESTADO` tinyint(1) NOT NULL,
  PRIMARY KEY (`CODIGO`)
) ENGINE=InnoDB DEFAULT CHARSET=utf8;
/*!40101 SET character_set_client = @saved_cs_client */;

--
-- Dumping data for table `enfermedades_cie10_med`
--

LOCK TABLES `enfermedades_cie10_med` WRITE;
/*!40000 ALTER TABLE `enfermedades_cie10_med` DISABLE KEYS */;
/*!40000 ALTER TABLE `enfermedades_cie10_med` ENABLE KEYS */;
UNLOCK TABLES;

--
-- Table structure for table `eps`
--

DROP TABLE IF EXISTS `eps`;
/*!40101 SET @saved_cs_client     = @@character_set_client */;
/*!40101 SET character_set_client = utf8 */;
CREATE TABLE `eps` (
  `ID` int(11) NOT NULL AUTO_INCREMENT,
  `NOMBRE` varchar(120) NOT NULL,
  `ESTADO` tinyint(1) NOT NULL,
  PRIMARY KEY (`ID`)
) ENGINE=InnoDB AUTO_INCREMENT=5 DEFAULT CHARSET=utf8;
/*!40101 SET character_set_client = @saved_cs_client */;

--
-- Dumping data for table `eps`
--

LOCK TABLES `eps` WRITE;
/*!40000 ALTER TABLE `eps` DISABLE KEYS */;
INSERT INTO `eps` VALUES (1,'NUEVA EPS',1),(2,'SALUD VIDA SA EPS',1),(3,'ASMET SALUD',1),(4,'COSMITET',1);
/*!40000 ALTER TABLE `eps` ENABLE KEYS */;
UNLOCK TABLES;

--
-- Table structure for table `escolaridad`
--

DROP TABLE IF EXISTS `escolaridad`;
/*!40101 SET @saved_cs_client     = @@character_set_client */;
/*!40101 SET character_set_client = utf8 */;
CREATE TABLE `escolaridad` (
  `ID` int(11) NOT NULL,
  `NOMBRE` varchar(50) DEFAULT NULL,
  PRIMARY KEY (`ID`)
) ENGINE=InnoDB DEFAULT CHARSET=utf8;
/*!40101 SET character_set_client = @saved_cs_client */;

--
-- Dumping data for table `escolaridad`
--

LOCK TABLES `escolaridad` WRITE;
/*!40000 ALTER TABLE `escolaridad` DISABLE KEYS */;
INSERT INTO `escolaridad` VALUES (5,'EDUCACIÓN PRIMARIA'),(6,'EDUCACIÓN SECUNDARIA'),(7,'CICLO COMPLEMENTARIO NORMAL SUPERIOR'),(8,'EDUCACION TECNICA PROFESIONAL'),(9,'EDUCACION TECNOLOGICA'),(10,'EDUCACION PROFESIONAL'),(11,'POSGRADO');
/*!40000 ALTER TABLE `escolaridad` ENABLE KEYS */;
UNLOCK TABLES;

--
-- Table structure for table `estado_civil`
--

DROP TABLE IF EXISTS `estado_civil`;
/*!40101 SET @saved_cs_client     = @@character_set_client */;
/*!40101 SET character_set_client = utf8 */;
CREATE TABLE `estado_civil` (
  `ID` int(11) NOT NULL,
  `NOMBRE` varchar(20) DEFAULT NULL,
  PRIMARY KEY (`ID`)
) ENGINE=InnoDB DEFAULT CHARSET=utf8;
/*!40101 SET character_set_client = @saved_cs_client */;

--
-- Dumping data for table `estado_civil`
--

LOCK TABLES `estado_civil` WRITE;
/*!40000 ALTER TABLE `estado_civil` DISABLE KEYS */;
INSERT INTO `estado_civil` VALUES (1,'SOLTERO'),(2,'CASADO'),(3,'UNION LIBRE'),(4,'DIVORSIADO'),(5,'VIUDO');
/*!40000 ALTER TABLE `estado_civil` ENABLE KEYS */;
UNLOCK TABLES;

--
-- Table structure for table `estrato`
--

DROP TABLE IF EXISTS `estrato`;
/*!40101 SET @saved_cs_client     = @@character_set_client */;
/*!40101 SET character_set_client = utf8 */;
CREATE TABLE `estrato` (
  `ID` int(11) NOT NULL,
  `NOMBRE` varchar(20) DEFAULT NULL,
  PRIMARY KEY (`ID`)
) ENGINE=InnoDB DEFAULT CHARSET=utf8;
/*!40101 SET character_set_client = @saved_cs_client */;

--
-- Dumping data for table `estrato`
--

LOCK TABLES `estrato` WRITE;
/*!40000 ALTER TABLE `estrato` DISABLE KEYS */;
INSERT INTO `estrato` VALUES (1,'1'),(2,'2'),(3,'3'),(4,'4'),(5,'5'),(6,'6');
/*!40000 ALTER TABLE `estrato` ENABLE KEYS */;
UNLOCK TABLES;

--
-- Table structure for table `facultad`
--

DROP TABLE IF EXISTS `facultad`;
/*!40101 SET @saved_cs_client     = @@character_set_client */;
/*!40101 SET character_set_client = utf8 */;
CREATE TABLE `facultad` (
  `ID` int(11) NOT NULL AUTO_INCREMENT,
  `NOMBRE` varchar(70) DEFAULT NULL,
  `ESTADO` tinyint(1) NOT NULL,
  PRIMARY KEY (`ID`)
) ENGINE=InnoDB AUTO_INCREMENT=10 DEFAULT CHARSET=utf8;
/*!40101 SET character_set_client = @saved_cs_client */;

--
-- Dumping data for table `facultad`
--

LOCK TABLES `facultad` WRITE;
/*!40000 ALTER TABLE `facultad` DISABLE KEYS */;
INSERT INTO `facultad` VALUES (1,'Facultad de Artes',1),(2,'Facultad de Ciencias Agrarias',1),(3,'Facultad de Ciencias de la Salud',1),(4,'Facultad de Ciencias Contables, Económicas y Administrativas',1),(5,'Facultad de Ciencias Humanas y Sociales',1),(6,'Facultad de Ciencias Naturales, Exactas y de la Educación',1),(7,'Facultad de Derecho, Ciencias Políticas y Sociales',1),(8,'Facultad de Ingeniería Civil',1),(9,'Facultad de Ingeniería Electrónica y Telecomunicaciones',1);
/*!40000 ALTER TABLE `facultad` ENABLE KEYS */;
UNLOCK TABLES;

--
-- Table structure for table `ginecostetricos_med`
--

DROP TABLE IF EXISTS `ginecostetricos_med`;
/*!40101 SET @saved_cs_client     = @@character_set_client */;
/*!40101 SET character_set_client = utf8 */;
CREATE TABLE `ginecostetricos_med` (
  `IDX` int(11) NOT NULL AUTO_INCREMENT,
  `FECHA_ULTIMA_MESTRUACION` date DEFAULT NULL,
  `G` int(11) DEFAULT NULL,
  `P` int(11) DEFAULT NULL,
  `A` int(11) DEFAULT NULL,
  `C` int(11) DEFAULT NULL,
  `M` int(11) DEFAULT NULL,
  `FECHA_ULTIMO_PARTO` date DEFAULT NULL,
  `METODO_PLANIFICACION` varchar(2000) DEFAULT NULL,
  `CITOLOGIA` varchar(2000) DEFAULT NULL,
  PRIMARY KEY (`IDX`)
) ENGINE=InnoDB DEFAULT CHARSET=utf8;
/*!40101 SET character_set_client = @saved_cs_client */;

--
-- Dumping data for table `ginecostetricos_med`
--

LOCK TABLES `ginecostetricos_med` WRITE;
/*!40000 ALTER TABLE `ginecostetricos_med` DISABLE KEYS */;
/*!40000 ALTER TABLE `ginecostetricos_med` ENABLE KEYS */;
UNLOCK TABLES;

--
-- Table structure for table `grupo_usuario_tipo`
--

DROP TABLE IF EXISTS `grupo_usuario_tipo`;
/*!40101 SET @saved_cs_client     = @@character_set_client */;
/*!40101 SET character_set_client = utf8 */;
CREATE TABLE `grupo_usuario_tipo` (
  `ID_USUARIO` int(11) NOT NULL,
  `ID_TIPO` int(11) NOT NULL,
  `LOGIN` varchar(20) DEFAULT NULL,
  PRIMARY KEY (`ID_USUARIO`,`ID_TIPO`),
  KEY `AK_FK_GRUPO_TIPO_IDX` (`ID_TIPO`),
  CONSTRAINT `FK_fk_grupo_tipo` FOREIGN KEY (`ID_TIPO`) REFERENCES `tipo_usuario` (`ID`),
  CONSTRAINT `FK_fk_grupo_usuario` FOREIGN KEY (`ID_USUARIO`) REFERENCES `usuarios_sistema` (`ID`)
) ENGINE=InnoDB DEFAULT CHARSET=utf8;
/*!40101 SET character_set_client = @saved_cs_client */;

--
-- Dumping data for table `grupo_usuario_tipo`
--

LOCK TABLES `grupo_usuario_tipo` WRITE;
/*!40000 ALTER TABLE `grupo_usuario_tipo` DISABLE KEYS */;
INSERT INTO `grupo_usuario_tipo` VALUES (7,12,'odontologo'),(13,8,'secretaria'),(14,1,'medico');
/*!40000 ALTER TABLE `grupo_usuario_tipo` ENABLE KEYS */;
UNLOCK TABLES;

--
-- Table structure for table `habitos_med`
--

DROP TABLE IF EXISTS `habitos_med`;
/*!40101 SET @saved_cs_client     = @@character_set_client */;
/*!40101 SET character_set_client = utf8 */;
CREATE TABLE `habitos_med` (
  `ID_TIPO_HABITO` int(11) NOT NULL,
  `IDX_CONSULTA` int(11) NOT NULL,
  `DESCRIPCION` longtext,
  `CONSUME_SI_NO_EX` int(11) DEFAULT NULL,
  PRIMARY KEY (`ID_TIPO_HABITO`,`IDX_CONSULTA`),
  KEY `FK_Relationship_62` (`IDX_CONSULTA`),
  CONSTRAINT `FK_Relationship_62` FOREIGN KEY (`IDX_CONSULTA`) REFERENCES `consulta_medica_med` (`IDX`),
  CONSTRAINT `FK_Relationship_63` FOREIGN KEY (`ID_TIPO_HABITO`) REFERENCES `tipo_habito` (`ID`)
) ENGINE=InnoDB DEFAULT CHARSET=utf8;
/*!40101 SET character_set_client = @saved_cs_client */;

--
-- Dumping data for table `habitos_med`
--

LOCK TABLES `habitos_med` WRITE;
/*!40000 ALTER TABLE `habitos_med` DISABLE KEYS */;
/*!40000 ALTER TABLE `habitos_med` ENABLE KEYS */;
UNLOCK TABLES;

--
-- Table structure for table `historico_ginecostetricos`
--

DROP TABLE IF EXISTS `historico_ginecostetricos`;
/*!40101 SET @saved_cs_client     = @@character_set_client */;
/*!40101 SET character_set_client = utf8 */;
CREATE TABLE `historico_ginecostetricos` (
  `IDX_CONSULTA` int(11) NOT NULL,
  `IDX_GINECOSTETRICOS` int(11) NOT NULL,
  `OBSERVACIONES` longtext,
  PRIMARY KEY (`IDX_CONSULTA`,`IDX_GINECOSTETRICOS`),
  KEY `FK_Relationship_65` (`IDX_GINECOSTETRICOS`),
  CONSTRAINT `FK_Relationship_65` FOREIGN KEY (`IDX_GINECOSTETRICOS`) REFERENCES `ginecostetricos_med` (`IDX`),
  CONSTRAINT `FK_Relationship_66` FOREIGN KEY (`IDX_CONSULTA`) REFERENCES `consulta_medica_med` (`IDX`)
) ENGINE=InnoDB DEFAULT CHARSET=utf8;
/*!40101 SET character_set_client = @saved_cs_client */;

--
-- Dumping data for table `historico_ginecostetricos`
--

LOCK TABLES `historico_ginecostetricos` WRITE;
/*!40000 ALTER TABLE `historico_ginecostetricos` DISABLE KEYS */;
/*!40000 ALTER TABLE `historico_ginecostetricos` ENABLE KEYS */;
UNLOCK TABLES;

--
-- Table structure for table `listado_ant_odon`
--

DROP TABLE IF EXISTS `listado_ant_odon`;
/*!40101 SET @saved_cs_client     = @@character_set_client */;
/*!40101 SET character_set_client = utf8 */;
CREATE TABLE `listado_ant_odon` (
  `ID` int(11) NOT NULL,
  `NOMBRE` varchar(50) DEFAULT NULL,
  `FAMILIAR` varchar(1) DEFAULT NULL,
  `PERSONAL` varchar(1) DEFAULT NULL,
  PRIMARY KEY (`ID`)
) ENGINE=InnoDB DEFAULT CHARSET=utf8;
/*!40101 SET character_set_client = @saved_cs_client */;

--
-- Dumping data for table `listado_ant_odon`
--

LOCK TABLES `listado_ant_odon` WRITE;
/*!40000 ALTER TABLE `listado_ant_odon` DISABLE KEYS */;
/*!40000 ALTER TABLE `listado_ant_odon` ENABLE KEYS */;
UNLOCK TABLES;

--
-- Table structure for table `medicamento_consulta_med`
--

DROP TABLE IF EXISTS `medicamento_consulta_med`;
/*!40101 SET @saved_cs_client     = @@character_set_client */;
/*!40101 SET character_set_client = utf8 */;
CREATE TABLE `medicamento_consulta_med` (
  `IDX` int(11) NOT NULL AUTO_INCREMENT,
  `CANTIDAD` int(11) DEFAULT NULL,
  `DOSIS` varchar(200) DEFAULT NULL,
  `CONSULTA_MEDICA_MED_IDX` int(11) NOT NULL,
  `MEDICAMENTO_MED_IDX` varchar(20) NOT NULL,
  PRIMARY KEY (`IDX`),
  KEY `AK_FK_MEDICAMENTO_CONSULTA_MED_CONSULTA_MEDICA_MED1_IDX` (`CONSULTA_MEDICA_MED_IDX`),
  KEY `AK_FK_MEDICAMENTO_CONSULTA_MED_MEDICAMENTO_MED1_IDX` (`MEDICAMENTO_MED_IDX`),
  CONSTRAINT `FK_fk_medicamento_consulta_med_consulta_medica_med1` FOREIGN KEY (`CONSULTA_MEDICA_MED_IDX`) REFERENCES `consulta_medica_med` (`IDX`),
  CONSTRAINT `FK_fk_medicamento_consulta_med_medicamento_med1` FOREIGN KEY (`MEDICAMENTO_MED_IDX`) REFERENCES `medicamento_med` (`CODIGO`)
) ENGINE=InnoDB DEFAULT CHARSET=utf8;
/*!40101 SET character_set_client = @saved_cs_client */;

--
-- Dumping data for table `medicamento_consulta_med`
--

LOCK TABLES `medicamento_consulta_med` WRITE;
/*!40000 ALTER TABLE `medicamento_consulta_med` DISABLE KEYS */;
/*!40000 ALTER TABLE `medicamento_consulta_med` ENABLE KEYS */;
UNLOCK TABLES;

--
-- Table structure for table `medicamento_med`
--

DROP TABLE IF EXISTS `medicamento_med`;
/*!40101 SET @saved_cs_client     = @@character_set_client */;
/*!40101 SET character_set_client = utf8 */;
CREATE TABLE `medicamento_med` (
  `CODIGO` varchar(20) NOT NULL,
  `VIA_IDX` int(11) NOT NULL,
  `PRE_IDX` int(11) NOT NULL,
  `NOMBRE` varchar(300) DEFAULT NULL,
  `ESTADO` tinyint(1) NOT NULL,
  `CONCENTRACION` varchar(60) DEFAULT NULL,
  PRIMARY KEY (`CODIGO`),
  KEY `FK_Relationship_59` (`VIA_IDX`),
  KEY `FK_Relationship_60` (`PRE_IDX`),
  CONSTRAINT `FK_Relationship_59` FOREIGN KEY (`VIA_IDX`) REFERENCES `via_administracion_med` (`IDX`),
  CONSTRAINT `FK_Relationship_60` FOREIGN KEY (`PRE_IDX`) REFERENCES `presentacion_medicamento_med` (`IDX`)
) ENGINE=InnoDB DEFAULT CHARSET=utf8;
/*!40101 SET character_set_client = @saved_cs_client */;

--
-- Dumping data for table `medicamento_med`
--

LOCK TABLES `medicamento_med` WRITE;
/*!40000 ALTER TABLE `medicamento_med` DISABLE KEYS */;
/*!40000 ALTER TABLE `medicamento_med` ENABLE KEYS */;
UNLOCK TABLES;

--
-- Table structure for table `municipio`
--

DROP TABLE IF EXISTS `municipio`;
/*!40101 SET @saved_cs_client     = @@character_set_client */;
/*!40101 SET character_set_client = utf8 */;
CREATE TABLE `municipio` (
  `ID` varchar(5) NOT NULL,
  `NOMBRE` varchar(40) DEFAULT NULL,
  `ID_DEPTO` int(11) DEFAULT NULL,
  PRIMARY KEY (`ID`),
  KEY `AK_FK_MUNICIPIO_DEPARTAMENTO_IDX` (`ID_DEPTO`),
  CONSTRAINT `FK_fk_municipio_departamento` FOREIGN KEY (`ID_DEPTO`) REFERENCES `depto` (`ID`)
) ENGINE=InnoDB DEFAULT CHARSET=utf8;
/*!40101 SET character_set_client = @saved_cs_client */;

--
-- Dumping data for table `municipio`
--

LOCK TABLES `municipio` WRITE;
/*!40000 ALTER TABLE `municipio` DISABLE KEYS */;
INSERT INTO `municipio` VALUES ('1','LETICIA',1),('10','PUERTO SANTANDER',1),('100','SAN ANDRES DE CUERQUIA',2),('1000','COROZAL',28),('1001','COVEÑAS',28),('1002','CHALAN',28),('1003','EL ROBLE',28),('1004','GALERAS',28),('1005','GUARANDA',28),('1006','LA UNION',28),('1007','LOS PALMITOS',28),('1008','MAJAGUAL',28),('1009','MORROA',28),('101','SAN CARLOS',2),('1010','OVEJAS',28),('1011','PALMITO',28),('1012','SAMPUES',28),('1013','SAN BENITO ABAD',28),('1014','SAN JUAN DE BETULIA',28),('1015','SAN MARCOS',28),('1016','SAN ONOFRE',28),('1017','SAN PEDRO',28),('1018','SAN LUIS DE SINCE',28),('1019','SUCRE',28),('102','SAN FRANCISCO',2),('1020','SANTIAGO DE TOLU',28),('1021','TOLU VIEJO',28),('1022','IBAGUE',29),('1023','ALPUJARRA',29),('1024','ALVARADO',29),('1025','AMBALEMA',29),('1026','ANZOATEGUI',29),('1027','ARMERO',29),('1028','ATACO',29),('1029','CAJAMARCA',29),('103','SAN JERONIMO',2),('1030','CARMEN DE APICALA',29),('1031','CASABIANCA',29),('1032','CHAPARRAL',29),('1033','COELLO',29),('1034','COYAIMA',29),('1035','CUNDAY',29),('1036','DOLORES',29),('1037','ESPINAL',29),('1038','FALAN',29),('1039','FLANDES',29),('104','SAN JOSE DE LA MONTAÑA',2),('1040','FRESNO',29),('1041','GUAMO',29),('1042','HERVEO',29),('1043','HONDA',29),('1044','ICONONZO',29),('1045','LERIDA',29),('1046','LIBANO',29),('1047','MARIQUITA',29),('1048','MELGAR',29),('1049','MURILLO',29),('105','SAN JUAN DE URABA',2),('1050','NATAGAIMA',29),('1051','ORTEGA',29),('1052','PALOCABILDO',29),('1053','PIEDRAS',29),('1054','PLANADAS',29),('1055','PRADO',29),('1056','PURIFICACION',29),('1057','RIOBLANCO',29),('1058','RONCESVALLES',29),('1059','ROVIRA',29),('106','SAN LUIS',2),('1060','SALDAÑA',29),('1061','SAN ANTONIO',29),('1062','SAN LUIS',29),('1063','SANTA ISABEL',29),('1064','SUAREZ',29),('1065','VALLE DE SAN JUAN',29),('1066','VENADILLO',29),('1067','VILLAHERMOSA',29),('1068','VILLARRICA',29),('1069','CALI',30),('107','SAN PEDRO',2),('1070','ALCALA',30),('1071','ANDALUCIA',30),('1072','ANSERMANUEVO',30),('1073','ARGELIA',30),('1074','BOLIVAR',30),('1075','BUENAVENTURA',30),('1076','GUADALAJARA DE BUGA',30),('1077','BUGALAGRANDE',30),('1078','CAICEDONIA',30),('1079','CALIMA',30),('108','SAN PEDRO DE URABA',2),('1080','CANDELARIA',30),('1081','CARTAGO',30),('1082','DAGUA',30),('1083','EL AGUILA',30),('1084','EL CAIRO',30),('1085','EL CERRITO',30),('1086','EL DOVIO',30),('1087','FLORIDA',30),('1088','GINEBRA',30),('1089','GUACARI',30),('109','SAN RAFAEL',2),('1090','JAMUNDI',30),('1091','LA CUMBRE',30),('1092','LA UNION',30),('1093','LA VICTORIA',30),('1094','OBANDO',30),('1095','PALMIRA',30),('1096','PRADERA',30),('1097','RESTREPO',30),('1098','RIOFRIO',30),('1099','ROLDANILLO',30),('11','TARAPACA',1),('110','SAN ROQUE',2),('1100','SAN PEDRO',30),('1101','SEVILLA',30),('1102','TORO',30),('1103','TRUJILLO',30),('1104','TULUA',30),('1105','ULLOA',30),('1106','VERSALLES',30),('1107','VIJES',30),('1108','YOTOCO',30),('1109','YUMBO',30),('111','SAN VICENTE',2),('1110','ZARZAL',30),('1111','MITU',31),('1112','CARURU',31),('1113','PACOA',31),('1114','TARAIRA',31),('1115','PAPUNAUA',31),('1116','YAVARATE',31),('1117','PUERTO CARREÑO',32),('1118','LA PRIMAVERA',32),('1119','SANTA ROSALIA',32),('112','SANTA BARBARA',2),('1120','CUMARIBO',32),('113','SANTA ROSA DE OSOS',2),('114','SANTO DOMINGO',2),('115','EL SANTUARIO',2),('116','SEGOVIA',2),('117','SONSON',2),('118','SOPETRAN',2),('119','TAMESIS',2),('12','MEDELLIN',2),('120','TARAZA',2),('121','TARSO',2),('122','TITIRIBI',2),('123','TOLEDO',2),('124','TURBO',2),('125','URAMITA',2),('126','URRAO',2),('127','VALDIVIA',2),('128','VALPARAISO',2),('129','VEGACHI',2),('13','ABEJORRAL',2),('130','VENECIA',2),('131','VIGIA DEL FUERTE',2),('132','YALI',2),('133','YARUMAL',2),('134','YOLOMBO',2),('135','YONDO',2),('136','ZARAGOZA',2),('137','ARAUCA',3),('138','ARAUQUITA',3),('139','CRAVO NORTE',3),('14','ABRIAQUI',2),('140','FORTUL',3),('141','PUERTO RONDON',3),('142','SARAVENA',3),('143','TAME',3),('144','BARRANQUILLA',4),('145','BARANOA',4),('146','CAMPO DE LA CRUZ',4),('147','CANDELARIA',4),('148','GALAPA',4),('149','JUAN DE ACOSTA',4),('15','ALEJANDRIA',2),('150','LURUACO',4),('151','MALAMBO',4),('152','MANATI',4),('153','PALMAR DE VARELA',4),('154','PIOJO',4),('155','POLONUEVO',4),('156','PONEDERA',4),('157','PUERTO COLOMBIA',4),('158','REPELON',4),('159','SABANAGRANDE',4),('16','AMAGA',2),('160','SABANALARGA',4),('161','SANTA LUCIA',4),('162','SANTO TOMAS',4),('163','SOLEDAD',4),('164','SUAN',4),('165','TUBARA',4),('166','USIACURI',4),('167','CARTAGENA',5),('168','ACHI',5),('169','ALTOS DEL ROSARIO',5),('17','AMALFI',2),('170','ARENAL',5),('171','ARJONA',5),('172','ARROYOHONDO',5),('173','BARRANCO DE LOBA',5),('174','CALAMAR',5),('175','CANTAGALLO',5),('176','CICUCO',5),('177','CORDOBA',5),('178','CLEMENCIA',5),('179','EL CARMEN DE BOLIVAR',5),('18','ANDES',2),('180','EL GUAMO',5),('181','EL PEÑON',5),('182','HATILLO DE LOBA',5),('183','MAGANGUE',5),('184','MAHATES',5),('185','MARGARITA',5),('186','MARIA LA BAJA',5),('187','MONTECRISTO',5),('188','MOMPOS',5),('189','NOROSI',5),('19','ANGELOPOLIS',2),('190','MORALES',5),('191','PINILLOS',5),('192','REGIDOR',5),('193','RIO VIEJO',5),('194','SAN CRISTOBAL',5),('195','SAN ESTANISLAO',5),('196','SAN FERNANDO',5),('197','SAN JACINTO',5),('198','SAN JACINTO DEL CAUCA',5),('199','SAN JUAN NEPOMUCENO',5),('2','EL ENCANTO',1),('20','ANGOSTURA',2),('200','SAN MARTIN DE LOBA',5),('201','SAN PABLO',5),('202','SANTA CATALINA',5),('203','SANTA ROSA',5),('204','SANTA ROSA DEL SUR',5),('205','SIMITI',5),('206','SOPLAVIENTO',5),('207','TALAIGUA NUEVO',5),('208','TIQUISIO',5),('209','TURBACO',5),('21','ANORI',2),('210','TURBANA',5),('211','VILLANUEVA',5),('212','ZAMBRANO',5),('213','TUNJA',6),('214','ALMEIDA',6),('215','AQUITANIA',6),('216','ARCABUCO',6),('217','BELEN',6),('218','BERBEO',6),('219','BETEITIVA',6),('22','SANTAFE DE ANTIOQUIA',2),('220','BOAVITA',6),('221','BOYACA',6),('222','BRICEÑO',6),('223','BUENAVISTA',6),('224','BUSBANZA',6),('225','CALDAS',6),('226','CAMPOHERMOSO',6),('227','CERINZA',6),('228','CHINAVITA',6),('229','CHIQUINQUIRA',6),('23','ANZA',2),('230','CHISCAS',6),('231','CHITA',6),('232','CHITARAQUE',6),('233','CHIVATA',6),('234','CIENEGA',6),('235','COMBITA',6),('236','COPER',6),('237','CORRALES',6),('238','COVARACHIA',6),('239','CUBARA',6),('24','APARTADO',2),('240','CUCAITA',6),('241','CUITIVA',6),('242','CHIQUIZA',6),('243','CHIVOR',6),('244','DUITAMA',6),('245','EL COCUY',6),('246','EL ESPINO',6),('247','FIRAVITOBA',6),('248','FLORESTA',6),('249','GACHANTIVA',6),('25','ARBOLETES',2),('250','GAMEZA',6),('251','GARAGOA',6),('252','GUACAMAYAS',6),('253','GUATEQUE',6),('254','GUAYATA',6),('255','GsICAN',6),('256','IZA',6),('257','JENESANO',6),('258','JERICO',6),('259','LABRANZAGRANDE',6),('26','ARGELIA',2),('260','LA CAPILLA',6),('261','LA VICTORIA',6),('262','LA UVITA',6),('263','VILLA DE LEYVA',6),('264','MACANAL',6),('265','MARIPI',6),('266','MIRAFLORES',6),('267','MONGUA',6),('268','MONGUI',6),('269','MONIQUIRA',6),('27','ARMENIA',2),('270','MOTAVITA',6),('271','MUZO',6),('272','NOBSA',6),('273','NUEVO COLON',6),('274','OICATA',6),('275','OTANCHE',6),('276','PACHAVITA',6),('277','PAEZ',6),('278','PAIPA',6),('279','PAJARITO',6),('28','BARBOSA',2),('280','PANQUEBA',6),('281','PAUNA',6),('282','PAYA',6),('283','PAZ DE RIO',6),('284','PESCA',6),('285','PISBA',6),('286','PUERTO BOYACA',6),('287','QUIPAMA',6),('288','RAMIRIQUI',6),('289','RAQUIRA',6),('29','BELMIRA',2),('290','RONDON',6),('291','SABOYA',6),('292','SACHICA',6),('293','SAMACA',6),('294','SAN EDUARDO',6),('295','SAN JOSE DE PARE',6),('296','SAN LUIS DE GACENO',6),('297','SAN MATEO',6),('298','SAN MIGUEL DE SEMA',6),('299','SAN PABLO DE BORBUR',6),('3','LA CHORRERA',1),('30','BELLO',2),('300','SANTANA',6),('301','SANTA MARIA',6),('302','SANTA ROSA DE VITERBO',6),('303','SANTA SOFIA',6),('304','SATIVANORTE',6),('305','SATIVASUR',6),('306','SIACHOQUE',6),('307','SOATA',6),('308','SOCOTA',6),('309','SOCHA',6),('31','BETANIA',2),('310','SOGAMOSO',6),('311','SOMONDOCO',6),('312','SORA',6),('313','SOTAQUIRA',6),('314','SORACA',6),('315','SUSACON',6),('316','SUTAMARCHAN',6),('317','SUTATENZA',6),('318','TASCO',6),('319','TENZA',6),('32','BETULIA',2),('320','TIBANA',6),('321','TIBASOSA',6),('322','TINJACA',6),('323','TIPACOQUE',6),('324','TOCA',6),('325','TOGsI',6),('326','TOPAGA',6),('327','TOTA',6),('328','TUNUNGUA',6),('329','TURMEQUE',6),('33','CIUDAD BOLIVAR',2),('330','TUTA',6),('331','TUTAZA',6),('332','UMBITA',6),('333','VENTAQUEMADA',6),('334','VIRACACHA',6),('335','ZETAQUIRA',6),('336','MANIZALES',7),('337','AGUADAS',7),('338','ANSERMA',7),('339','ARANZAZU',7),('34','BRICEÑO',2),('340','BELALCAZAR',7),('341','CHINCHINA',7),('342','FILADELFIA',7),('343','LA DORADA',7),('344','LA MERCED',7),('345','MANZANARES',7),('346','MARMATO',7),('347','MARQUETALIA',7),('348','MARULANDA',7),('349','NEIRA',7),('35','BURITICA',2),('350','NORCASIA',7),('351','PACORA',7),('352','PALESTINA',7),('353','PENSILVANIA',7),('354','RIOSUCIO',7),('355','RISARALDA',7),('356','SALAMINA',7),('357','SAMANA',7),('358','SAN JOSE',7),('359','SUPIA',7),('36','CACERES',2),('360','VICTORIA',7),('361','VILLAMARIA',7),('362','VITERBO',7),('363','FLORENCIA',8),('364','ALBANIA',8),('365','BELEN DE LOS ANDAQUIES',8),('366','CARTAGENA DEL CHAIRA',8),('367','CURILLO',8),('368','EL DONCELLO',8),('369','EL PAUJIL',8),('37','CAICEDO',2),('370','LA MONTAÑITA',8),('371','MILAN',8),('372','MORELIA',8),('373','PUERTO RICO',8),('374','SAN JOSE DEL FRAGUA',8),('375','SAN VICENTE DEL CAGUAN',8),('376','SOLANO',8),('377','SOLITA',8),('378','VALPARAISO',8),('379','YOPAL',9),('38','CALDAS',2),('380','AGUAZUL',9),('381','CHAMEZA',9),('382','HATO COROZAL',9),('383','LA SALINA',9),('384','MANI',9),('385','MONTERREY',9),('386','NUNCHIA',9),('387','OROCUE',9),('388','PAZ DE ARIPORO',9),('389','PORE',9),('39','CAMPAMENTO',2),('390','RECETOR',9),('391','SABANALARGA',9),('392','SACAMA',9),('393','SAN LUIS DE PALENQUE',9),('394','TAMARA',9),('395','TAURAMENA',9),('396','TRINIDAD',9),('397','VILLANUEVA',9),('398','POPAYAN',10),('399','ALMAGUER',10),('4','LA PEDRERA',1),('40','CAÑASGORDAS',2),('400','ARGELIA',10),('401','BALBOA',10),('402','BOLIVAR',10),('403','BUENOS AIRES',10),('404','CAJIBIO',10),('405','CALDONO',10),('406','CALOTO',10),('407','CORINTO',10),('408','EL TAMBO',10),('409','FLORENCIA',10),('41','CARACOLI',2),('410','GUACHENE',10),('411','GUAPI',10),('412','INZA',10),('413','JAMBALO',10),('414','LA SIERRA',10),('415','LA VEGA',10),('416','LOPEZ',10),('417','MERCADERES',10),('418','MIRANDA',10),('419','MORALES',10),('42','CARAMANTA',2),('420','PADILLA',10),('421','PAEZ',10),('422','PATIA',10),('423','PIAMONTE',10),('424','PIENDAMO',10),('425','PUERTO TEJADA',10),('426','PURACE',10),('427','ROSAS',10),('428','SAN SEBASTIAN',10),('429','SANTANDER DE QUILICHAO',10),('43','CAREPA',2),('430','SANTA ROSA',10),('431','SILVIA',10),('432','SOTARA',10),('433','SUAREZ',10),('434','SUCRE',10),('435','TIMBIO',10),('436','TIMBIQUI',10),('437','TORIBIO',10),('438','TOTORO',10),('439','VILLA RICA',10),('44','EL CARMEN DE VIBORAL',2),('440','VALLEDUPAR',11),('441','AGUACHICA',11),('442','AGUSTIN CODAZZI',11),('443','ASTREA',11),('444','BECERRIL',11),('445','BOSCONIA',11),('446','CHIMICHAGUA',11),('447','CHIRIGUANA',11),('448','CURUMANI',11),('449','EL COPEY',11),('45','CAROLINA',2),('450','EL PASO',11),('451','GAMARRA',11),('452','GONZALEZ',11),('453','LA GLORIA',11),('454','LA JAGUA DE IBIRICO',11),('455','MANAURE',11),('456','PAILITAS',11),('457','PELAYA',11),('458','PUEBLO BELLO',11),('459','RIO DE ORO',11),('46','CAUCASIA',2),('460','LA PAZ',11),('461','SAN ALBERTO',11),('462','SAN DIEGO',11),('463','SAN MARTIN',11),('464','TAMALAMEQUE',11),('465','QUIBDO',12),('466','ACANDI',12),('467','ALTO BAUDO',12),('468','ATRATO',12),('469','BAGADO',12),('47','CHIGORODO',2),('470','BAHIA SOLANO',12),('471','BAJO BAUDO',12),('472','BOJAYA',12),('473','EL CANTON DEL SAN PABLO',12),('474','CARMEN DEL DARIEN',12),('475','CERTEGUI',12),('476','CONDOTO',12),('477','EL CARMEN DE ATRATO',12),('478','EL LITORAL DEL SAN JUAN',12),('479','ISTMINA',12),('48','CISNEROS',2),('480','JURADO',12),('481','LLORO',12),('482','MEDIO ATRATO',12),('483','MEDIO BAUDO',12),('484','MEDIO SAN JUAN',12),('485','NOVITA',12),('486','NUQUI',12),('487','RIO IRO',12),('488','RIO QUITO',12),('489','RIOSUCIO',12),('49','COCORNA',2),('490','SAN JOSE DEL PALMAR',12),('491','SIPI',12),('492','TADO',12),('493','UNGUIA',12),('494','UNION PANAMERICANA',12),('495','MONTERIA',13),('496','AYAPEL',13),('497','BUENAVISTA',13),('498','CANALETE',13),('499','CERETE',13),('5','LA VICTORIA',1),('50','CONCEPCION',2),('500','CHIMA',13),('501','CHINU',13),('502','CIENAGA DE ORO',13),('503','COTORRA',13),('504','LA APARTADA',13),('505','LORICA',13),('506','LOS CORDOBAS',13),('507','MOMIL',13),('508','MONTELIBANO',13),('509','MOÑITOS',13),('51','CONCORDIA',2),('510','PLANETA RICA',13),('511','PUEBLO NUEVO',13),('512','PUERTO ESCONDIDO',13),('513','PUERTO LIBERTADOR',13),('514','PURISIMA',13),('515','SAHAGUN',13),('516','SAN ANDRES SOTAVENTO',13),('517','SAN ANTERO',13),('518','SAN BERNARDO DEL VIENTO',13),('519','SAN CARLOS',13),('52','COPACABANA',2),('520','SAN PELAYO',13),('521','TIERRALTA',13),('522','VALENCIA',13),('523','AGUA DE DIOS',14),('524','ALBAN',14),('525','BOGOTA',14),('526','ANAPOIMA',14),('527','ANOLAIMA',14),('528','ARBELAEZ',14),('529','BELTRAN',14),('53','DABEIBA',2),('530','BITUIMA',14),('531','BOJACA',14),('532','CABRERA',14),('533','CACHIPAY',14),('534','CAJICA',14),('535','CAPARRAPI',14),('536','CAQUEZA',14),('537','CARMEN DE CARUPA',14),('538','CHAGUANI',14),('539','CHIA',14),('54','DON MATIAS',2),('540','CHIPAQUE',14),('541','CHOACHI',14),('542','CHOCONTA',14),('543','COGUA',14),('544','COTA',14),('545','CUCUNUBA',14),('546','EL COLEGIO',14),('547','EL PEÑON',14),('548','EL ROSAL',14),('549','FACATATIVA',14),('55','EBEJICO',2),('550','FOMEQUE',14),('551','FOSCA',14),('552','FUNZA',14),('553','FUQUENE',14),('554','FUSAGASUGA',14),('555','GACHALA',14),('556','GACHANCIPA',14),('557','GACHETA',14),('558','GAMA',14),('559','GIRARDOT',14),('56','EL BAGRE',2),('560','GRANADA',14),('561','GUACHETA',14),('562','GUADUAS',14),('563','GUASCA',14),('564','GUATAQUI',14),('565','GUATAVITA',14),('566','GUAYABAL DE SIQUIMA',14),('567','GUAYABETAL',14),('568','GUTIERREZ',14),('569','JERUSALEN',14),('57','ENTRERRIOS',2),('570','JUNIN',14),('571','LA CALERA',14),('572','LA MESA',14),('573','LA PALMA',14),('574','LA PEÑA',14),('575','LA VEGA',14),('576','LENGUAZAQUE',14),('577','MACHETA',14),('578','MADRID',14),('579','MANTA',14),('58','ENVIGADO',2),('580','MEDINA',14),('581','MOSQUERA',14),('582','NARIÑO',14),('583','NEMOCON',14),('584','NILO',14),('585','NIMAIMA',14),('586','NOCAIMA',14),('587','VENECIA',14),('588','PACHO',14),('589','PAIME',14),('59','FREDONIA',2),('590','PANDI',14),('591','PARATEBUENO',14),('592','PASCA',14),('593','PUERTO SALGAR',14),('594','PULI',14),('595','QUEBRADANEGRA',14),('596','QUETAME',14),('597','QUIPILE',14),('598','APULO',14),('599','RICAURTE',14),('6','MIRITI - PARANA',1),('60','FRONTINO',2),('600','SAN ANTONIO DEL TEQUENDAMA',14),('601','SAN BERNARDO',14),('602','SAN CAYETANO',14),('603','SAN FRANCISCO',14),('604','SAN JUAN DE RIO SECO',14),('605','SASAIMA',14),('606','SESQUILE',14),('607','SIBATE',14),('608','SILVANIA',14),('609','SIMIJACA',14),('61','GIRALDO',2),('610','SOACHA',14),('611','SOPO',14),('612','SUBACHOQUE',14),('613','SUESCA',14),('614','SUPATA',14),('615','SUSA',14),('616','SUTATAUSA',14),('617','TABIO',14),('618','TAUSA',14),('619','TENA',14),('62','GIRARDOTA',2),('620','TENJO',14),('621','TIBACUY',14),('622','TIBIRITA',14),('623','TOCAIMA',14),('624','TOCANCIPA',14),('625','TOPAIPI',14),('626','UBALA',14),('627','UBAQUE',14),('628','VILLA DE SAN DIEGO DE UBATE',14),('629','UNE',14),('63','GOMEZ PLATA',2),('630','UTICA',14),('631','VERGARA',14),('632','VIANI',14),('633','VILLAGOMEZ',14),('634','VILLAPINZON',14),('635','VILLETA',14),('636','VIOTA',14),('637','YACOPI',14),('638','ZIPACON',14),('639','ZIPAQUIRA',14),('64','GRANADA',2),('640','INIRIDA',15),('641','BARRANCO MINAS',15),('642','MAPIRIPANA',15),('643','SAN FELIPE',15),('644','PUERTO COLOMBIA',15),('645','LA GUADALUPE',15),('646','CACAHUAL',15),('647','PANA PANA',15),('648','MORICHAL',15),('649','SAN JOSE DEL GUAVIARE',16),('65','GUADALUPE',2),('650','CALAMAR',16),('651','EL RETORNO',16),('652','MIRAFLORES',16),('653','NEIVA',17),('654','ACEVEDO',17),('655','AGRADO',17),('656','AIPE',17),('657','ALGECIRAS',17),('658','ALTAMIRA',17),('659','BARAYA',17),('66','GUARNE',2),('660','CAMPOALEGRE',17),('661','COLOMBIA',17),('662','ELIAS',17),('663','GARZON',17),('664','GIGANTE',17),('665','GUADALUPE',17),('666','HOBO',17),('667','IQUIRA',17),('668','ISNOS',17),('669','LA ARGENTINA',17),('67','GUATAPE',2),('670','LA PLATA',17),('671','NATAGA',17),('672','OPORAPA',17),('673','PAICOL',17),('674','PALERMO',17),('675','PALESTINA',17),('676','PITAL',17),('677','PITALITO',17),('678','RIVERA',17),('679','SALADOBLANCO',17),('68','HELICONIA',2),('680','SAN AGUSTIN',17),('681','SANTA MARIA',17),('682','SUAZA',17),('683','TARQUI',17),('684','TESALIA',17),('685','TELLO',17),('686','TERUEL',17),('687','TIMANA',17),('688','VILLAVIEJA',17),('689','YAGUARA',17),('69','HISPANIA',2),('690','RIOHACHA',18),('691','ALBANIA',18),('692','BARRANCAS',18),('693','DIBULLA',18),('694','DISTRACCION',18),('695','EL MOLINO',18),('696','FONSECA',18),('697','HATONUEVO',18),('698','LA JAGUA DEL PILAR',18),('699','MAICAO',18),('7','PUERTO ALEGRIA',1),('70','ITAGUI',2),('700','MANAURE',18),('701','SAN JUAN DEL CESAR',18),('702','URIBIA',18),('703','URUMITA',18),('704','VILLANUEVA',18),('705','SANTA MARTA',19),('706','ALGARROBO',19),('707','ARACATACA',19),('708','ARIGUANI',19),('709','CERRO SAN ANTONIO',19),('71','ITUANGO',2),('710','CHIBOLO',19),('711','CIENAGA',19),('712','CONCORDIA',19),('713','EL BANCO',19),('714','EL PIÑON',19),('715','EL RETEN',19),('716','FUNDACION',19),('717','GUAMAL',19),('718','NUEVA GRANADA',19),('719','PEDRAZA',19),('72','JARDIN',2),('720','PIJIÑO DEL CARMEN',19),('721','PIVIJAY',19),('722','PLATO',19),('723','PUEBLOVIEJO',19),('724','REMOLINO',19),('725','SABANAS DE SAN ANGEL',19),('726','SALAMINA',19),('727','SAN SEBASTIAN DE BUENAVISTA',19),('728','SAN ZENON',19),('729','SANTA ANA',19),('73','JERICO',2),('730','SANTA BARBARA DE PINTO',19),('731','SITIONUEVO',19),('732','TENERIFE',19),('733','ZAPAYAN',19),('734','ZONA BANANERA',19),('735','VILLAVICENCIO',20),('736','ACACIAS',20),('737','BARRANCA DE UPIA',20),('738','CABUYARO',20),('739','CASTILLA LA NUEVA',20),('74','LA CEJA',2),('740','CUBARRAL',20),('741','CUMARAL',20),('742','EL CALVARIO',20),('743','EL CASTILLO',20),('744','EL DORADO',20),('745','FUENTE DE ORO',20),('746','GRANADA',20),('747','GUAMAL',20),('748','MAPIRIPAN',20),('749','MESETAS',20),('75','LA ESTRELLA',2),('750','LA MACARENA',20),('751','URIBE',20),('752','LEJANIAS',20),('753','PUERTO CONCORDIA',20),('754','PUERTO GAITAN',20),('755','PUERTO LOPEZ',20),('756','PUERTO LLERAS',20),('757','PUERTO RICO',20),('758','RESTREPO',20),('759','SAN CARLOS DE GUAROA',20),('76','LA PINTADA',2),('760','SAN JUAN DE ARAMA',20),('761','SAN JUANITO',20),('762','SAN MARTIN',20),('763','VISTAHERMOSA',20),('764','CUCUTA',21),('765','ABREGO',21),('766','ARBOLEDAS',21),('767','BOCHALEMA',21),('768','BUCARASICA',21),('769','CACOTA',21),('77','LA UNION',2),('770','CACHIRA',21),('771','CHINACOTA',21),('772','CHITAGA',21),('773','CONVENCION',21),('774','CUCUTILLA',21),('775','DURANIA',21),('776','EL CARMEN',21),('777','EL TARRA',21),('778','EL ZULIA',21),('779','GRAMALOTE',21),('78','LIBORINA',2),('780','HACARI',21),('781','HERRAN',21),('782','LABATECA',21),('783','LA ESPERANZA',21),('784','LA PLAYA',21),('785','LOS PATIOS',21),('786','LOURDES',21),('787','MUTISCUA',21),('788','OCAÑA',21),('789','PAMPLONA',21),('79','MACEO',2),('790','PAMPLONITA',21),('791','PUERTO SANTANDER',21),('792','RAGONVALIA',21),('793','SALAZAR',21),('794','SAN CALIXTO',21),('795','SAN CAYETANO',21),('796','SANTIAGO',21),('797','SARDINATA',21),('798','SILOS',21),('799','TEORAMA',21),('8','PUERTO ARICA',1),('80','MARINILLA',2),('800','TIBU',21),('801','TOLEDO',21),('802','VILLA CARO',21),('803','VILLA DEL ROSARIO',22),('804','PASTO',22),('805','ALBAN',22),('806','ALDANA',22),('807','ANCUYA',22),('808','ARBOLEDA',22),('809','BARBACOAS',22),('81','MONTEBELLO',2),('810','BELEN',22),('811','BUESACO',22),('812','COLON',22),('813','CONSACA',22),('814','CONTADERO',22),('815','CORDOBA',22),('816','CUASPUD',22),('817','CUMBAL',22),('818','CUMBITARA',22),('819','CHACHAGsI',22),('82','MURINDO',2),('820','EL CHARCO',22),('821','EL PEÑOL',22),('822','EL ROSARIO',22),('823','EL TABLON DE GOMEZ',22),('824','EL TAMBO',22),('825','FUNES',22),('826','GUACHUCAL',22),('827','GUAITARILLA',22),('828','GUALMATAN',22),('829','ILES',22),('83','MUTATA',2),('830','IMUES',22),('831','IPIALES',22),('832','LA CRUZ',22),('833','LA FLORIDA',22),('834','LA LLANADA',22),('835','LA TOLA',22),('836','LA UNION',22),('837','LEIVA',22),('838','LINARES',22),('839','LOS ANDES',22),('84','NARIÑO',2),('840','MAGsI',22),('841','MALLAMA',22),('842','MOSQUERA',22),('843','NARIÑO',22),('844','OLAYA HERRERA',22),('845','OSPINA',22),('846','FRANCISCO PIZARRO',22),('847','POLICARPA',22),('848','POTOSI',22),('849','PROVIDENCIA',22),('85','NECOCLI',2),('850','PUERRES',22),('851','PUPIALES',22),('852','RICAURTE',22),('853','ROBERTO PAYAN',22),('854','SAMANIEGO',22),('855','SANDONA',22),('856','SAN BERNARDO',22),('857','SAN LORENZO',22),('858','SAN PABLO',22),('859','SAN PEDRO DE CARTAGO',22),('86','NECHI',2),('860','SANTA BARBARA',22),('861','SANTACRUZ',22),('862','SAPUYES',22),('863','TAMINANGO',22),('864','TANGUA',22),('865','SAN ANDRES DE TUMACO',22),('866','TUQUERRES',22),('867','YACUANQUER',23),('868','MOCOA',23),('869','COLON',23),('87','OLAYA',2),('870','ORITO',23),('871','PUERTO ASIS',23),('872','PUERTO CAICEDO',23),('873','PUERTO GUZMAN',23),('874','LEGUIZAMO',23),('875','SIBUNDOY',23),('876','SAN FRANCISCO',23),('877','SAN MIGUEL',23),('878','SANTIAGO',23),('879','VALLE DEL GUAMUEZ',23),('88','PEÐOL',2),('880','VILLAGARZON',24),('881','ARMENIA',24),('882','BUENAVISTA',24),('883','CALARCA',24),('884','CIRCASIA',24),('885','CORDOBA',24),('886','FILANDIA',24),('887','GENOVA',24),('888','LA TEBAIDA',24),('889','MONTENEGRO',24),('89','PEQUE',2),('890','PIJAO',24),('891','QUIMBAYA',24),('892','SALENTO',25),('893','PEREIRA',25),('894','APIA',25),('895','BALBOA',25),('896','BELEN DE UMBRIA',25),('897','DOSQUEBRADAS',25),('898','GUATICA',25),('899','LA CELIA',25),('9','PUERTO NARIÑO',1),('90','PUEBLORRICO',2),('900','LA VIRGINIA',25),('901','MARSELLA',25),('902','MISTRATO',25),('903','PUEBLO RICO',25),('904','QUINCHIA',25),('905','SANTA ROSA DE CABAL',25),('906','SANTUARIO',25),('907','SAN ANDRES',26),('908','PROVIDENCIA',26),('909','BUCARAMANGA',27),('91','PUERTO BERRIO',2),('910','AGUADA',27),('911','ALBANIA',27),('912','ARATOCA',27),('913','BARBOSA',27),('914','BARICHARA',27),('915','BARRANCABERMEJA',27),('916','BETULIA',27),('917','BOLIVAR',27),('918','CABRERA',27),('919','CALIFORNIA',27),('92','PUERTO NARE',2),('920','CAPITANEJO',27),('921','CARCASI',27),('922','CEPITA',27),('923','CERRITO',27),('924','CHARALA',27),('925','CHARTA',27),('926','CHIMA',27),('927','CHIPATA',27),('928','CIMITARRA',27),('929','CONCEPCION',27),('93','PUERTO TRIUNFO',2),('930','CONFINES',27),('931','CONTRATACION',27),('932','COROMORO',27),('933','CURITI',27),('934','EL CARMEN DE CHUCURI',27),('935','EL GUACAMAYO',27),('936','EL PEÑON',27),('937','EL PLAYON',27),('938','ENCINO',27),('939','ENCISO',27),('94','REMEDIOS',2),('940','FLORIAN',27),('941','FLORIDABLANCA',27),('942','GALAN',27),('943','GAMBITA',27),('944','GIRON',27),('945','GUACA',27),('946','GUADALUPE',27),('947','GUAPOTA',27),('948','GUAVATA',27),('949','GsEPSA',27),('95','RETIRO',2),('950','HATO',27),('951','JESUS MARIA',27),('952','JORDAN',27),('953','LA BELLEZA',27),('954','LANDAZURI',27),('955','LA PAZ',27),('956','LEBRIJA',27),('957','LOS SANTOS',27),('958','MACARAVITA',27),('959','MALAGA',27),('96','RIONEGRO',2),('960','MATANZA',27),('961','MOGOTES',27),('962','MOLAGAVITA',27),('963','OCAMONTE',27),('964','OIBA',27),('965','ONZAGA',27),('966','PALMAR',27),('967','PALMAS DEL SOCORRO',27),('968','PARAMO',27),('969','PIEDECUESTA',27),('97','SABANALARGA',2),('970','PINCHOTE',27),('971','PUENTE NACIONAL',27),('972','PUERTO PARRA',27),('973','PUERTO WILCHES',27),('974','RIONEGRO',27),('975','SABANA DE TORRES',27),('976','SAN ANDRES',27),('977','SAN BENITO',27),('978','SAN GIL',27),('979','SAN JOAQUIN',27),('98','SABANETA',2),('980','SAN JOSE DE MIRANDA',27),('981','SAN MIGUEL',27),('982','SAN VICENTE DE CHUCURI',27),('983','SANTA BARBARA',27),('984','SANTA HELENA DEL OPON',27),('985','SIMACOTA',27),('986','SOCORRO',27),('987','SUAITA',27),('988','SUCRE',27),('989','SURATA',27),('99','SALGAR',2),('990','TONA',27),('991','VALLE DE SAN JOSE',27),('992','VELEZ',27),('993','VETAS',27),('994','VILLANUEVA',27),('995','ZAPATOCA',27),('996','SINCELEJO',28),('997','BUENAVISTA',28),('998','CAIMITO',28),('999','COLOSO',28);
/*!40000 ALTER TABLE `municipio` ENABLE KEYS */;
UNLOCK TABLES;

--
-- Table structure for table `obs_odontograma`
--

DROP TABLE IF EXISTS `obs_odontograma`;
/*!40101 SET @saved_cs_client     = @@character_set_client */;
/*!40101 SET character_set_client = utf8 */;
CREATE TABLE `obs_odontograma` (
  `ID` int(11) NOT NULL AUTO_INCREMENT,
  `ID_ACTUALIZACION` int(11) DEFAULT NULL,
  `OCLUSION` varchar(7) DEFAULT NULL,
  `CARIES` varchar(2) DEFAULT NULL,
  `PERDIDOS` varchar(2) DEFAULT NULL,
  `OBTURADOS` varchar(2) DEFAULT NULL,
  `OBS` text,
  PRIMARY KEY (`ID`),
  KEY `AK_FK_OBS_ODONTOGRAMA_ACTUALIZACION_IDX` (`ID_ACTUALIZACION`),
  CONSTRAINT `FK_fk_obs_odontograma_actualizacion` FOREIGN KEY (`ID_ACTUALIZACION`) REFERENCES `actualizacion_odo` (`ID`)
) ENGINE=InnoDB DEFAULT CHARSET=utf8;
/*!40101 SET character_set_client = @saved_cs_client */;

--
-- Dumping data for table `obs_odontograma`
--

LOCK TABLES `obs_odontograma` WRITE;
/*!40000 ALTER TABLE `obs_odontograma` DISABLE KEYS */;
/*!40000 ALTER TABLE `obs_odontograma` ENABLE KEYS */;
UNLOCK TABLES;

--
-- Table structure for table `paciente`
--

DROP TABLE IF EXISTS `paciente`;
/*!40101 SET @saved_cs_client     = @@character_set_client */;
/*!40101 SET character_set_client = utf8 */;
CREATE TABLE `paciente` (
  `ID` int(11) NOT NULL AUTO_INCREMENT,
  `FECHA_APERTURA` date DEFAULT NULL,
  `NOMBRE1` varchar(20) DEFAULT NULL,
  `NOMBRE2` varchar(20) DEFAULT NULL,
  `APELLIDO1` varchar(30) DEFAULT NULL,
  `APELLIDO2` varchar(30) DEFAULT NULL,
  `TIPO_IDENTIFICACION` varchar(2) NOT NULL,
  `IDENTIFICACION` varchar(20) DEFAULT NULL,
  `SEXO` char(1) DEFAULT NULL,
  `FECHA_NACIMIENTO` date DEFAULT NULL,
  `DEPTO_NACIMIENTO` int(11) DEFAULT NULL,
  `MUNICIPIO_NACIMIENTO` varchar(3) DEFAULT NULL,
  `DIRECCION` varchar(60) DEFAULT NULL,
  `TELEFONO` varchar(30) DEFAULT NULL,
  `DEPTO_RESIDENCIA` int(11) DEFAULT NULL,
  `MUNICIPIO_RESIDENCIA` varchar(3) DEFAULT NULL,
  `ZONA_RESIDENCIA` char(1) DEFAULT NULL,
  `EPS` int(11) DEFAULT NULL,
  `TIPO_REGIMEN` int(11) DEFAULT NULL,
  `TIPO_AFILIADO` int(11) DEFAULT NULL,
  `CATEGORIA_AFILIADO` int(11) DEFAULT NULL,
  `ESTRATO` int(11) DEFAULT NULL,
  `PERSONA_RESPONSABLE` varchar(60) DEFAULT NULL,
  `PARENTESCO` int(11) DEFAULT NULL,
  `DIRECCION_PRESPONSABLE` varchar(60) DEFAULT NULL,
  `TELEFONO_PRESPONSABLE` varchar(30) DEFAULT NULL,
  `RAZA` int(11) DEFAULT NULL,
  `ESCOLARIDAD` int(11) DEFAULT NULL,
  `ESTADO_CIVIL` int(11) DEFAULT NULL,
  `OCUPACION` varchar(30) DEFAULT NULL,
  `ESTADO` varchar(1) DEFAULT NULL,
  `CARPETA` varchar(20) DEFAULT NULL,
  `FACULTAD` int(11) DEFAULT NULL,
  `PROGRAMA` int(11) DEFAULT NULL,
  PRIMARY KEY (`ID`),
  KEY `AK_FK_PACIENTE_TIPO_IDENTIFICACION_IDX` (`TIPO_IDENTIFICACION`),
  KEY `AK_FK_PACIENTE_DEP_NACIMIENTO_IDX` (`DEPTO_NACIMIENTO`),
  KEY `AK_FK_PACIENTE_MUNICIPIO_NACIMIENTO_IDX` (`MUNICIPIO_NACIMIENTO`),
  KEY `AK_FK_PACIENTE_DEP_RESIDENCIA_IDX` (`DEPTO_RESIDENCIA`),
  KEY `AK_FK_PACIENTE_MUNICIPIO_RESIDENCIA_IDX` (`MUNICIPIO_RESIDENCIA`),
  KEY `AK_FK_PACIENTE_EPS_IDX` (`EPS`),
  KEY `AK_FK_PACIENTE_TIPO_REGIMEN_IDX` (`TIPO_REGIMEN`),
  KEY `AK_FK_PACIENTE_TIPO_AFILIADO_IDX` (`TIPO_AFILIADO`),
  KEY `AK_FK_PACIENTE_CATEGORIA_AFILIADO_IDX` (`CATEGORIA_AFILIADO`),
  KEY `AK_FK_PACIENTE_ESTRATO_IDX` (`ESTRATO`),
  KEY `AK_FK_PACIENTE_PARENTESCO_IDX` (`PARENTESCO`),
  KEY `AK_FK_PACIENTE_RAZA_IDX` (`RAZA`),
  KEY `AK_FK_PACIENTE_ESCOLARIDAD_IDX` (`ESCOLARIDAD`),
  KEY `AK_FK_PACIENTE_ESTADO_CIVIL_IDX` (`ESTADO_CIVIL`),
  KEY `AK_FK_PACIENTE_FACULTAD_IDX` (`FACULTAD`),
  KEY `AK_FK_PACIENTE_PROGRAMA_IDX` (`PROGRAMA`),
  CONSTRAINT `FK_fk_paciente_categoria_afiliado` FOREIGN KEY (`CATEGORIA_AFILIADO`) REFERENCES `categoria_afiliado` (`ID`),
  CONSTRAINT `FK_fk_paciente_dep_nacimiento` FOREIGN KEY (`DEPTO_NACIMIENTO`) REFERENCES `depto` (`ID`),
  CONSTRAINT `FK_fk_paciente_dep_residencia` FOREIGN KEY (`DEPTO_RESIDENCIA`) REFERENCES `depto` (`ID`),
  CONSTRAINT `FK_fk_paciente_eps` FOREIGN KEY (`EPS`) REFERENCES `eps` (`ID`),
  CONSTRAINT `FK_fk_paciente_escolaridad` FOREIGN KEY (`ESCOLARIDAD`) REFERENCES `escolaridad` (`ID`),
  CONSTRAINT `FK_fk_paciente_estado_civil` FOREIGN KEY (`ESTADO_CIVIL`) REFERENCES `estado_civil` (`ID`),
  CONSTRAINT `FK_fk_paciente_estrato` FOREIGN KEY (`ESTRATO`) REFERENCES `estrato` (`ID`),
  CONSTRAINT `FK_fk_paciente_facultad` FOREIGN KEY (`FACULTAD`) REFERENCES `facultad` (`ID`),
  CONSTRAINT `FK_fk_paciente_municipio_nacimiento` FOREIGN KEY (`MUNICIPIO_NACIMIENTO`) REFERENCES `municipio` (`ID`),
  CONSTRAINT `FK_fk_paciente_municipio_residencia` FOREIGN KEY (`MUNICIPIO_RESIDENCIA`) REFERENCES `municipio` (`ID`),
  CONSTRAINT `FK_fk_paciente_parentesco` FOREIGN KEY (`PARENTESCO`) REFERENCES `parentesco` (`ID`),
  CONSTRAINT `FK_fk_paciente_programa` FOREIGN KEY (`PROGRAMA`) REFERENCES `programas` (`ID`),
  CONSTRAINT `FK_fk_paciente_raza` FOREIGN KEY (`RAZA`) REFERENCES `raza` (`ID`),
  CONSTRAINT `FK_fk_paciente_tipo_afiliado` FOREIGN KEY (`TIPO_AFILIADO`) REFERENCES `tipo_afiliado` (`ID`),
  CONSTRAINT `FK_fk_paciente_tipo_identificacion` FOREIGN KEY (`TIPO_IDENTIFICACION`) REFERENCES `tipo_identificacion` (`ID`),
  CONSTRAINT `FK_fk_paciente_tipo_regimen` FOREIGN KEY (`TIPO_REGIMEN`) REFERENCES `tipo_regimen` (`ID`)
) ENGINE=InnoDB AUTO_INCREMENT=65 DEFAULT CHARSET=utf8;
/*!40101 SET character_set_client = @saved_cs_client */;

--
-- Dumping data for table `paciente`
--

LOCK TABLES `paciente` WRITE;
/*!40000 ALTER TABLE `paciente` DISABLE KEYS */;
INSERT INTO `paciente` VALUES (4,'2013-02-05','PABLO','','PEREZ','SEBUNDOI','CC','1234567','M','1995-01-26',19,'1','POPAYAN','8306404',19,'1','U',4,1,1,1,2,'PABLO PEREZ',10,'POPAYAN','8306404',1,8,1,'Estudiante','1',NULL,1,9),(5,'2013-02-05','ANDRES','ALEJANDRO','DIAZ','MORALES','CC','10297003','M','1982-07-12',19,'5','CALLE 8B NO18-25','3117351231',19,'1','U',2,4,4,1,2,'GUILLERMO A .DIAZ MORALES',NULL,'CALLE 8B NO 18-25','3117351231',4,10,1,'ESTUDIANTE','1','10297003',3,7),(6,'2013-02-05','SANDRA','JULIANA','PANTOJA','SANTACRUZ','CC','1061713518','F','1998-07-28',19,'1','CRA 22B 12-28','3104876424',19,'1','U',1,4,4,1,2,'NUBIA URREA',NULL,'PALACE','8209800',4,5,1,'ESTUDIANTE','1',NULL,2,19),(7,'2013-02-06','NGIE','NATHALIA','GALVIS','VIDAL','CC','1061758875','F','1993-05-07',19,'1','CRA 19 NO 8B-06','8212595',19,'1','U',1,5,4,1,2,'VICTOR G. GALVIS Y JENNY VIDAL',3,'CRA 19 NO 8B-06','8212595',4,10,1,'ES','1','1061758875',5,18),(8,'2013-02-06','FRANCISCO','JAVIER','ECHEVERRI','HENAO','CC','1061742602','M','1991-10-30',19,'1','CALLE 25 NTE NO 3-26','8230862',19,'1','U',1,5,4,1,2,'IRMA ECHEVERRY',3,'CALLE 25 NTE NO 3-26','8230862',4,10,1,'ESTUDIANTE','1','1061742602',2,19),(9,'2013-02-06','NAUDY','PAOLA','ARBOLEDA','PALOMINO','CC','1112218761','M','1985-03-03',19,'9','CRA 5 NO 10-37 EL EMPEDRADO','8388966-3165389970',19,'1','U',2,2,2,4,2,'MARINO ARBOLEDA',1,'TIMBIQUI','3164955103-HERMANA',2,10,1,'Docente','1','1112218761',1,8),(10,'2013-02-06','VILMA','ROCIO','ALARCON','BAMBAGUE','CC','1061722812','F','1989-09-05',31,'1','CALLE 19BN-2-46','3015909102',19,'1','U',1,5,4,1,2,'LUIS ARIEL ALARCON',3,'CRA 6 NO 5-61','3204913131',4,10,1,'ESTUDIANTE','1','1061722812',8,21),(11,'2013-02-06','JORGE','ENRIQUE','BENAVIDES','CORREA','CC','19385965','M','1957-12-11',11,'1','CALLE 70 NO 5-78. LA PAZ','3105392944',19,'1','U',1,5,4,1,2,'JORGE E. BENAVIDES CORREA.',10,'CALLE 70 NO 5-78. LA PAZ','3105392944',4,10,1,'ESTUDIANTE','1','19385965',1,6),(12,'2013-01-28','DIANA','MARCELA','MUÑOZ','ELVIRA','CC','1061707603','F','1988-05-11',19,'1','CRA 13 3-04','3136628683',19,'1','R',1,5,4,1,2,'NUBIA URREA',10,'PALACE','8332051',4,10,1,'Estudiante','1',NULL,1,6),(13,'2013-02-06','CARMEN','STELLA','HOYOS','FERNANDEZ','CC','34550322','F','1967-01-13',19,'1','CALLE 25 NO 10-111 EL DEAN','8367473',19,'1','U',1,1,1,1,2,'CARMEN S HOYOS FERNANDEZ',10,'CALLE 25 NO 10-111 EL DEAN','8367473',4,10,3,'ESTUDIANTE','1','34550322',1,30),(14,'2013-02-06','JENSY','CAROLINA','SOLANO','CORREA','CC','1061730848','F','1990-08-10',19,'1','CRA 39 N 3-29','8363874',19,'1','U',1,5,4,1,2,'NANCY M. CORREA VASQUEZ',3,'CRA 39 N 3-29','8363874',4,10,1,'ESTUDIANTE','1','1061730848',9,27),(15,'2013-02-06','JAIRO','ALBERTO','URREA','PITO','CC','1061686182','M','1986-04-17',19,'1','CRA 40 B NO 4-36 LA MARIA','3162063263',19,'1','U',1,5,4,1,2,'JAIRO A. URREA PITO',10,'CRA 40 B NO 4-36 LA MARIA','3162063263',4,10,1,'ESTUDIANTE','1','1061686182',9,26),(16,'2013-02-06','JULIAN','ANDRES','ATENCIO','MOLINA','CC','76333204','M','1979-09-13',19,'1','CRA 41 A NO 3-24 MARIA OCCIDENTE','8366879',19,'1','U',1,5,4,1,2,'JULIANA A. ATENCIO MOLINA',10,'CRA 41 A NO 3-24 MARIA OCCIDENTE','8366879',4,10,3,'ESTUDIANTE','1','76333204',9,26),(17,'2013-02-06','CYNDI','PAOLA','GUERRERO','DELGADO','CC','1061703766','F','1988-12-16',19,'1','MOSCOPAN TORRE A8 APTO 303.','3133664318',19,'1','U',1,5,4,1,2,'JAIME GUERRERO Y CLAUDIA DELGA',3,'MOSCOPAN TORRE A8 APTO 303.','3133664318',4,10,1,'ESTUDIANTE','1','1061703766',1,8),(18,'2013-02-07','JILMAR','ANDREI','MUELAS','CALAMBAS','CC','10611430361','M','1989-06-06',19,'3','RESIDENCIAS UNIVERSITARIAS','3147767984',19,'1','U',1,5,4,1,2,'MARIO MUELAS Y ANA M CALAMBAS',3,'VEREDA JUAN ANBU','3147767984 ESTUDIANTE',3,10,1,'ESTUDIANTE','1','10611430361',1,31),(19,'2013-02-07','ANYI','TATIANA','ZUÑIGA','-','CC','1061701280','F','1986-08-27',19,'1','CRA 21 8-34','3137060790',19,'1','U',1,1,2,1,2,'MABEL ZUÑIGA',3,'CRA 21 8-34','3172956821',4,10,1,'ESTUDIANTE','1',NULL,8,21),(64,'2016-12-20','Juan','Manuel','Caicedo','Caicedo','CC','1062310500','M','1993-10-20',1,'1','calle','311',1,'1','U',1,1,1,1,1,'Elcy',1,'calle','311',2,5,1,'Estudiante','1',NULL,3,12);
/*!40000 ALTER TABLE `paciente` ENABLE KEYS */;
UNLOCK TABLES;

--
-- Table structure for table `parentesco`
--

DROP TABLE IF EXISTS `parentesco`;
/*!40101 SET @saved_cs_client     = @@character_set_client */;
/*!40101 SET character_set_client = utf8 */;
CREATE TABLE `parentesco` (
  `ID` int(11) NOT NULL,
  `NOMBRE` varchar(40) DEFAULT NULL,
  PRIMARY KEY (`ID`)
) ENGINE=InnoDB DEFAULT CHARSET=utf8;
/*!40101 SET character_set_client = @saved_cs_client */;

--
-- Dumping data for table `parentesco`
--

LOCK TABLES `parentesco` WRITE;
/*!40000 ALTER TABLE `parentesco` DISABLE KEYS */;
INSERT INTO `parentesco` VALUES (1,'CONYUGUE O COMPAÑERO(A)'),(2,'HIJO(A)'),(3,'PADRE O MADRE'),(4,'SEGUNDO GRADO DE CONSAGUINIDAD(HERMANOS)'),(5,'TERCER GRADO DE CONSAGUINIDAD'),(6,'MENOR DE 12 AÑOS SIN CONSAGUINIDAD'),(7,'PADRE O MADRE DEL CONYUGUE'),(8,'OTROS MIEMBROS PARIENTES'),(9,'CABEZA DEL GRUPO FAMILIAR'),(10,'OTRO - NO FAMILIAR');
/*!40000 ALTER TABLE `parentesco` ENABLE KEYS */;
UNLOCK TABLES;

--
-- Table structure for table `patologico_consulta_med`
--

DROP TABLE IF EXISTS `patologico_consulta_med`;
/*!40101 SET @saved_cs_client     = @@character_set_client */;
/*!40101 SET character_set_client = utf8 */;
CREATE TABLE `patologico_consulta_med` (
  `IDX` int(11) NOT NULL AUTO_INCREMENT,
  `ESTADO_SI_NO` int(11) DEFAULT NULL,
  `DESCRIPCION` varchar(1000) DEFAULT NULL,
  `CONSULTA_MEDICA_MED_IDX` int(11) NOT NULL,
  `PATOLOGICOS_MED_IDX` int(11) NOT NULL,
  PRIMARY KEY (`IDX`),
  KEY `AK_FK_PATOLOGICO_CONSULTA_MED_CONSULTA_MEDICA_MED1_IDX` (`CONSULTA_MEDICA_MED_IDX`),
  KEY `AK_FK_PATOLOGICO_CONSULTA_MED_PATOLOGICOS_MED1_IDX` (`PATOLOGICOS_MED_IDX`),
  CONSTRAINT `FK_fk_patologico_consulta_med_consulta_medica_med1` FOREIGN KEY (`CONSULTA_MEDICA_MED_IDX`) REFERENCES `consulta_medica_med` (`IDX`),
  CONSTRAINT `FK_fk_patologico_consulta_med_patologicos_med1` FOREIGN KEY (`PATOLOGICOS_MED_IDX`) REFERENCES `patologicos_med` (`IDX`)
) ENGINE=InnoDB DEFAULT CHARSET=utf8;
/*!40101 SET character_set_client = @saved_cs_client */;

--
-- Dumping data for table `patologico_consulta_med`
--

LOCK TABLES `patologico_consulta_med` WRITE;
/*!40000 ALTER TABLE `patologico_consulta_med` DISABLE KEYS */;
/*!40000 ALTER TABLE `patologico_consulta_med` ENABLE KEYS */;
UNLOCK TABLES;

--
-- Table structure for table `patologicos_med`
--

DROP TABLE IF EXISTS `patologicos_med`;
/*!40101 SET @saved_cs_client     = @@character_set_client */;
/*!40101 SET character_set_client = utf8 */;
CREATE TABLE `patologicos_med` (
  `IDX` int(11) NOT NULL AUTO_INCREMENT,
  `NOMBRE` varchar(100) DEFAULT NULL,
  PRIMARY KEY (`IDX`),
  UNIQUE KEY `AK_NOMBRE_UNIQUE` (`NOMBRE`)
) ENGINE=InnoDB DEFAULT CHARSET=utf8;
/*!40101 SET character_set_client = @saved_cs_client */;

--
-- Dumping data for table `patologicos_med`
--

LOCK TABLES `patologicos_med` WRITE;
/*!40000 ALTER TABLE `patologicos_med` DISABLE KEYS */;
/*!40000 ALTER TABLE `patologicos_med` ENABLE KEYS */;
UNLOCK TABLES;

--
-- Table structure for table `presentacion_medicamento_med`
--

DROP TABLE IF EXISTS `presentacion_medicamento_med`;
/*!40101 SET @saved_cs_client     = @@character_set_client */;
/*!40101 SET character_set_client = utf8 */;
CREATE TABLE `presentacion_medicamento_med` (
  `IDX` int(11) NOT NULL AUTO_INCREMENT,
  `NOMBRE_PRESEN` varchar(45) DEFAULT NULL,
  PRIMARY KEY (`IDX`),
  UNIQUE KEY `AK_NOMBRE_UNIQUE` (`NOMBRE_PRESEN`)
) ENGINE=InnoDB DEFAULT CHARSET=utf8;
/*!40101 SET character_set_client = @saved_cs_client */;

--
-- Dumping data for table `presentacion_medicamento_med`
--

LOCK TABLES `presentacion_medicamento_med` WRITE;
/*!40000 ALTER TABLE `presentacion_medicamento_med` DISABLE KEYS */;
/*!40000 ALTER TABLE `presentacion_medicamento_med` ENABLE KEYS */;
UNLOCK TABLES;

--
-- Table structure for table `procedimientos_cups_med`
--

DROP TABLE IF EXISTS `procedimientos_cups_med`;
/*!40101 SET @saved_cs_client     = @@character_set_client */;
/*!40101 SET character_set_client = utf8 */;
CREATE TABLE `procedimientos_cups_med` (
  `CODIGO` varchar(20) NOT NULL,
  `DESCRIPCION` varchar(1000) DEFAULT NULL,
  `ESTADO` tinyint(1) NOT NULL,
  PRIMARY KEY (`CODIGO`)
) ENGINE=InnoDB DEFAULT CHARSET=utf8;
/*!40101 SET character_set_client = @saved_cs_client */;

--
-- Dumping data for table `procedimientos_cups_med`
--

LOCK TABLES `procedimientos_cups_med` WRITE;
/*!40000 ALTER TABLE `procedimientos_cups_med` DISABLE KEYS */;
/*!40000 ALTER TABLE `procedimientos_cups_med` ENABLE KEYS */;
UNLOCK TABLES;

--
-- Table structure for table `programas`
--

DROP TABLE IF EXISTS `programas`;
/*!40101 SET @saved_cs_client     = @@character_set_client */;
/*!40101 SET character_set_client = utf8 */;
CREATE TABLE `programas` (
  `ID` int(11) NOT NULL AUTO_INCREMENT,
  `NOMBRE` varchar(100) DEFAULT NULL,
  `FACULTAD` int(11) DEFAULT NULL,
  `ESTADO` tinyint(1) NOT NULL,
  PRIMARY KEY (`ID`),
  KEY `AK_FK_PROGRAMAS_FACULTAD_IDX` (`FACULTAD`),
  CONSTRAINT `FK_fk_programas_facultad` FOREIGN KEY (`FACULTAD`) REFERENCES `facultad` (`ID`)
) ENGINE=InnoDB AUTO_INCREMENT=55 DEFAULT CHARSET=utf8;
/*!40101 SET character_set_client = @saved_cs_client */;

--
-- Dumping data for table `programas`
--

LOCK TABLES `programas` WRITE;
/*!40000 ALTER TABLE `programas` DISABLE KEYS */;
INSERT INTO `programas` VALUES (1,'Administración de Empresas',4,1),(2,'Antropología',5,1),(3,'Artes Plásticas',1,1),(4,'Biología',6,1),(5,'Ciencia Política',7,1),(6,'Comunicación Social',7,1),(7,'Contaduría Pública',4,1),(8,'Derecho',7,1),(9,'Diseño Gráfico',1,1),(10,'Dirección de Banda',1,1),(11,'Economía',4,1),(12,'Enfermería',3,1),(13,'Filosofía',5,1),(14,'Fisioterapia',3,1),(15,'Fonoaudiología',3,1),(16,'Geografía',5,1),(17,'Geotecnología',8,1),(18,'Historia',5,1),(19,'Ingeniería Agroindustrial',2,1),(20,'Ingeniería Agropecuaria',2,1),(21,'Ingeniería Ambiental',8,1),(22,'Ingeniería Civil',8,1),(23,'Ingeniería Electrónica y Telecomunicaciones',9,1),(24,'Ingeniería Forestal',2,1),(25,'Ingeniería Física',6,1),(26,'Ingeniería de Sistemas',9,1),(27,'Ingeniería en Automática Industrial',9,1),(28,'Lenguas Modernas',5,1),(29,'Licenciatura en Educación Básica con Énfasis en Ciencias Naturales y Educación Ambiental',6,1),(30,'Licenciatura en Educación Básica con Énfasis en Educación Artística',6,1),(31,'Licenciatura en Educación Básica con Énfasis en Educación Física, Recreación y Deportes',6,1),(32,'Licenciatura en Educación Básica con Énfasis en Lengua Castellana e Inglés',6,1),(33,'Licenciatura en Español y Literatura',5,1),(34,'Licenciatura en Etnoeducación',5,1),(35,'Licenciatura en Lingüística y Semiótica (Santander de Quilichao)',5,1),(36,'Licenciatura en Matemáticas',6,1),(37,'Licenciatura en Música',1,1),(38,'Música Instrumental',1,1),(39,'Matemáticas',6,1),(40,'Medicina',3,1),(41,'Química',6,1),(42,'Tecnología Agroindustrial',2,1),(43,'Tecnología en Administración Financiera',4,1),(44,'Tecnología en Telemática',9,1),(45,'Turismo',4,1),(46,'Postgrado, maestria, doctorado',1,1),(47,'Postgrado, maestria, doctorado',2,1),(48,'Postgrado, maestria, doctorado',3,1),(49,'Postgrado, maestria, doctorado',4,1),(50,'Postgrado, maestria, doctorado',5,1),(51,'Postgrado, maestria, doctorado',6,1),(52,'Postgrado, maestria, doctorado',7,1),(53,'Postgrado, maestria, doctorado',8,1),(54,'Postgrado, maestria, doctorado',9,1);
/*!40000 ALTER TABLE `programas` ENABLE KEYS */;
UNLOCK TABLES;

--
-- Table structure for table `quirurgico_med`
--

DROP TABLE IF EXISTS `quirurgico_med`;
/*!40101 SET @saved_cs_client     = @@character_set_client */;
/*!40101 SET character_set_client = utf8 */;
CREATE TABLE `quirurgico_med` (
  `IDX` int(11) NOT NULL AUTO_INCREMENT,
  `CONSULTA_MEDICA_MED_IDX` int(11) NOT NULL,
  `PROCEDIMIENTOS_CUPS_MED_CODIGO` varchar(20) NOT NULL,
  `OBSERVACIONES` longtext,
  PRIMARY KEY (`IDX`),
  KEY `AK_FK_QUIRURGICO_MED_CONSULTA_MEDICA_MED1_IDX` (`CONSULTA_MEDICA_MED_IDX`),
  KEY `AK_FK_QUIRURGICO_MED_PROCEDIMIENTOS_CUPS_MED1_IDX` (`PROCEDIMIENTOS_CUPS_MED_CODIGO`),
  CONSTRAINT `FK_fk_quirurgico_med_consulta_medica_med1` FOREIGN KEY (`CONSULTA_MEDICA_MED_IDX`) REFERENCES `consulta_medica_med` (`IDX`),
  CONSTRAINT `FK_fk_quirurgico_med_procedimientos_cups_med1` FOREIGN KEY (`PROCEDIMIENTOS_CUPS_MED_CODIGO`) REFERENCES `procedimientos_cups_med` (`CODIGO`)
) ENGINE=InnoDB DEFAULT CHARSET=utf8;
/*!40101 SET character_set_client = @saved_cs_client */;

--
-- Dumping data for table `quirurgico_med`
--

LOCK TABLES `quirurgico_med` WRITE;
/*!40000 ALTER TABLE `quirurgico_med` DISABLE KEYS */;
/*!40000 ALTER TABLE `quirurgico_med` ENABLE KEYS */;
UNLOCK TABLES;

--
-- Table structure for table `raza`
--

DROP TABLE IF EXISTS `raza`;
/*!40101 SET @saved_cs_client     = @@character_set_client */;
/*!40101 SET character_set_client = utf8 */;
CREATE TABLE `raza` (
  `ID` int(11) NOT NULL,
  `NOMBRE` varchar(20) DEFAULT NULL,
  PRIMARY KEY (`ID`)
) ENGINE=InnoDB DEFAULT CHARSET=utf8;
/*!40101 SET character_set_client = @saved_cs_client */;

--
-- Dumping data for table `raza`
--

LOCK TABLES `raza` WRITE;
/*!40000 ALTER TABLE `raza` DISABLE KEYS */;
INSERT INTO `raza` VALUES (1,'BLANCA'),(2,'AFRODESCENDIENTE'),(3,'INDIGENA'),(4,'MESTIZO'),(5,'MULATO'),(6,'ZAMBO'),(7,'OTRAS');
/*!40000 ALTER TABLE `raza` ENABLE KEYS */;
UNLOCK TABLES;

--
-- Table structure for table `sistema_cuerpo_med`
--

DROP TABLE IF EXISTS `sistema_cuerpo_med`;
/*!40101 SET @saved_cs_client     = @@character_set_client */;
/*!40101 SET character_set_client = utf8 */;
CREATE TABLE `sistema_cuerpo_med` (
  `IDX` int(11) NOT NULL AUTO_INCREMENT,
  `NOMBRE` varchar(45) DEFAULT NULL,
  PRIMARY KEY (`IDX`),
  UNIQUE KEY `AK_NOMBRE_UNIQUE` (`NOMBRE`)
) ENGINE=InnoDB DEFAULT CHARSET=utf8;
/*!40101 SET character_set_client = @saved_cs_client */;

--
-- Dumping data for table `sistema_cuerpo_med`
--

LOCK TABLES `sistema_cuerpo_med` WRITE;
/*!40000 ALTER TABLE `sistema_cuerpo_med` DISABLE KEYS */;
/*!40000 ALTER TABLE `sistema_cuerpo_med` ENABLE KEYS */;
UNLOCK TABLES;

--
-- Table structure for table `tipo_afiliado`
--

DROP TABLE IF EXISTS `tipo_afiliado`;
/*!40101 SET @saved_cs_client     = @@character_set_client */;
/*!40101 SET character_set_client = utf8 */;
CREATE TABLE `tipo_afiliado` (
  `ID` int(11) NOT NULL,
  `NOMBRE` varchar(20) DEFAULT NULL,
  PRIMARY KEY (`ID`)
) ENGINE=InnoDB DEFAULT CHARSET=utf8;
/*!40101 SET character_set_client = @saved_cs_client */;

--
-- Dumping data for table `tipo_afiliado`
--

LOCK TABLES `tipo_afiliado` WRITE;
/*!40000 ALTER TABLE `tipo_afiliado` DISABLE KEYS */;
INSERT INTO `tipo_afiliado` VALUES (1,'COTIZANTE'),(2,'BENEFICIARIO'),(3,'ADICIONAL'),(4,'OTRO');
/*!40000 ALTER TABLE `tipo_afiliado` ENABLE KEYS */;
UNLOCK TABLES;

--
-- Table structure for table `tipo_alergeno_med`
--

DROP TABLE IF EXISTS `tipo_alergeno_med`;
/*!40101 SET @saved_cs_client     = @@character_set_client */;
/*!40101 SET character_set_client = utf8 */;
CREATE TABLE `tipo_alergeno_med` (
  `IDX` int(11) NOT NULL AUTO_INCREMENT,
  `NOMBRE` varchar(100) DEFAULT NULL,
  PRIMARY KEY (`IDX`),
  UNIQUE KEY `AK_NOMBRE_UNIQUE` (`NOMBRE`)
) ENGINE=InnoDB DEFAULT CHARSET=utf8;
/*!40101 SET character_set_client = @saved_cs_client */;

--
-- Dumping data for table `tipo_alergeno_med`
--

LOCK TABLES `tipo_alergeno_med` WRITE;
/*!40000 ALTER TABLE `tipo_alergeno_med` DISABLE KEYS */;
/*!40000 ALTER TABLE `tipo_alergeno_med` ENABLE KEYS */;
UNLOCK TABLES;

--
-- Table structure for table `tipo_cita_med`
--

DROP TABLE IF EXISTS `tipo_cita_med`;
/*!40101 SET @saved_cs_client     = @@character_set_client */;
/*!40101 SET character_set_client = utf8 */;
CREATE TABLE `tipo_cita_med` (
  `ID` int(11) NOT NULL AUTO_INCREMENT,
  `NOMBRE` varchar(20) NOT NULL,
  PRIMARY KEY (`ID`)
) ENGINE=InnoDB AUTO_INCREMENT=2 DEFAULT CHARSET=utf8;
/*!40101 SET character_set_client = @saved_cs_client */;

--
-- Dumping data for table `tipo_cita_med`
--

LOCK TABLES `tipo_cita_med` WRITE;
/*!40000 ALTER TABLE `tipo_cita_med` DISABLE KEYS */;
INSERT INTO `tipo_cita_med` VALUES (1,'primera vez');
/*!40000 ALTER TABLE `tipo_cita_med` ENABLE KEYS */;
UNLOCK TABLES;

--
-- Table structure for table `tipo_habito`
--

DROP TABLE IF EXISTS `tipo_habito`;
/*!40101 SET @saved_cs_client     = @@character_set_client */;
/*!40101 SET character_set_client = utf8 */;
CREATE TABLE `tipo_habito` (
  `ID` int(11) NOT NULL AUTO_INCREMENT,
  `NOMBRE` varchar(50) DEFAULT NULL,
  PRIMARY KEY (`ID`)
) ENGINE=InnoDB DEFAULT CHARSET=utf8;
/*!40101 SET character_set_client = @saved_cs_client */;

--
-- Dumping data for table `tipo_habito`
--

LOCK TABLES `tipo_habito` WRITE;
/*!40000 ALTER TABLE `tipo_habito` DISABLE KEYS */;
/*!40000 ALTER TABLE `tipo_habito` ENABLE KEYS */;
UNLOCK TABLES;

--
-- Table structure for table `tipo_identificacion`
--

DROP TABLE IF EXISTS `tipo_identificacion`;
/*!40101 SET @saved_cs_client     = @@character_set_client */;
/*!40101 SET character_set_client = utf8 */;
CREATE TABLE `tipo_identificacion` (
  `ID` varchar(2) NOT NULL,
  `NOMBRE` varchar(40) DEFAULT NULL,
  PRIMARY KEY (`ID`)
) ENGINE=InnoDB DEFAULT CHARSET=utf8;
/*!40101 SET character_set_client = @saved_cs_client */;

--
-- Dumping data for table `tipo_identificacion`
--

LOCK TABLES `tipo_identificacion` WRITE;
/*!40000 ALTER TABLE `tipo_identificacion` DISABLE KEYS */;
INSERT INTO `tipo_identificacion` VALUES ('AS','ADULTO SIN IDENTIFICACION'),('CC','CEDULA'),('CE','CEDULA DE EXTRANJERIA'),('MS','MENOR SIN IDENTIFICACION'),('NU','NUMERO UNICO DE IDENTIFICACION'),('PA','PASAPORTE'),('RC','REGISTRO CIVIL'),('TI','TARJETA DE IDENTIDAD');
/*!40000 ALTER TABLE `tipo_identificacion` ENABLE KEYS */;
UNLOCK TABLES;

--
-- Table structure for table `tipo_regimen`
--

DROP TABLE IF EXISTS `tipo_regimen`;
/*!40101 SET @saved_cs_client     = @@character_set_client */;
/*!40101 SET character_set_client = utf8 */;
CREATE TABLE `tipo_regimen` (
  `ID` int(11) NOT NULL,
  `NOMBRE` varchar(20) DEFAULT NULL,
  PRIMARY KEY (`ID`)
) ENGINE=InnoDB DEFAULT CHARSET=utf8;
/*!40101 SET character_set_client = @saved_cs_client */;

--
-- Dumping data for table `tipo_regimen`
--

LOCK TABLES `tipo_regimen` WRITE;
/*!40000 ALTER TABLE `tipo_regimen` DISABLE KEYS */;
INSERT INTO `tipo_regimen` VALUES (1,'CONTRIBUTIVO'),(2,'SUBSIDIADO'),(3,'VINCULADO'),(4,'PARTICULAR'),(5,'OTRO');
/*!40000 ALTER TABLE `tipo_regimen` ENABLE KEYS */;
UNLOCK TABLES;

--
-- Table structure for table `tipo_usuario`
--

DROP TABLE IF EXISTS `tipo_usuario`;
/*!40101 SET @saved_cs_client     = @@character_set_client */;
/*!40101 SET character_set_client = utf8 */;
CREATE TABLE `tipo_usuario` (
  `ID` int(11) NOT NULL,
  `NOMBRE` varchar(40) DEFAULT NULL,
  `ID_CATEGORIA_USUARIO` int(11) NOT NULL,
  PRIMARY KEY (`ID`),
  KEY `AK_FK_TIPO_USUARIO_CATEGORIA_USUARIO_IDX` (`ID_CATEGORIA_USUARIO`),
  CONSTRAINT `FK_fk_tipo_usuario_categoria_usuario` FOREIGN KEY (`ID_CATEGORIA_USUARIO`) REFERENCES `categoria_usuario` (`ID`)
) ENGINE=InnoDB DEFAULT CHARSET=utf8;
/*!40101 SET character_set_client = @saved_cs_client */;

--
-- Dumping data for table `tipo_usuario`
--

LOCK TABLES `tipo_usuario` WRITE;
/*!40000 ALTER TABLE `tipo_usuario` DISABLE KEYS */;
INSERT INTO `tipo_usuario` VALUES (1,'MEDICINA GENERAL',2),(2,'MEDICINA ESPECIALIZADA',2),(3,'ENFERMERIA SUPERIOR',3),(4,'AUXILIAR ENFERMERIA',3),(5,'FONOAUDIOLOGIA',4),(6,'FISIOTERAPIA',4),(7,'SICOLOGIA',4),(8,'OTROS',5),(9,'ODONTOLOGIA',4),(10,'BACTERIOLOGO(A)',4),(12,'AUXILIAR DE HIGUIENE ORAL',4);
/*!40000 ALTER TABLE `tipo_usuario` ENABLE KEYS */;
UNLOCK TABLES;

--
-- Table structure for table `tipodiagnostico`
--

DROP TABLE IF EXISTS `tipodiagnostico`;
/*!40101 SET @saved_cs_client     = @@character_set_client */;
/*!40101 SET character_set_client = utf8 */;
CREATE TABLE `tipodiagnostico` (
  `ID` int(11) NOT NULL,
  `NOMBRE` varchar(25) NOT NULL,
  PRIMARY KEY (`ID`)
) ENGINE=InnoDB DEFAULT CHARSET=utf8;
/*!40101 SET character_set_client = @saved_cs_client */;

--
-- Dumping data for table `tipodiagnostico`
--

LOCK TABLES `tipodiagnostico` WRITE;
/*!40000 ALTER TABLE `tipodiagnostico` DISABLE KEYS */;
INSERT INTO `tipodiagnostico` VALUES (1,'Impresión diagnostico'),(2,'Confirmado nuevo'),(3,'Confirmado repetido');
/*!40000 ALTER TABLE `tipodiagnostico` ENABLE KEYS */;
UNLOCK TABLES;

--
-- Table structure for table `user`
--

DROP TABLE IF EXISTS `user`;
/*!40101 SET @saved_cs_client     = @@character_set_client */;
/*!40101 SET character_set_client = utf8 */;
CREATE TABLE `user` (
  `ID_USER` int(11) NOT NULL AUTO_INCREMENT,
  `USERNAME` varchar(16) NOT NULL,
  `EMAIL` varchar(255) NOT NULL,
  `PASSWORD` varchar(32) NOT NULL,
  `CREATE_TIME` datetime DEFAULT CURRENT_TIMESTAMP,
  PRIMARY KEY (`ID_USER`),
  UNIQUE KEY `AK_EMAIL_UNIQUE` (`EMAIL`)
) ENGINE=InnoDB DEFAULT CHARSET=utf8;
/*!40101 SET character_set_client = @saved_cs_client */;

--
-- Dumping data for table `user`
--

LOCK TABLES `user` WRITE;
/*!40000 ALTER TABLE `user` DISABLE KEYS */;
/*!40000 ALTER TABLE `user` ENABLE KEYS */;
UNLOCK TABLES;

--
-- Table structure for table `usuarios_sistema`
--

DROP TABLE IF EXISTS `usuarios_sistema`;
/*!40101 SET @saved_cs_client     = @@character_set_client */;
/*!40101 SET character_set_client = utf8 */;
CREATE TABLE `usuarios_sistema` (
  `ID` int(11) NOT NULL AUTO_INCREMENT,
  `IDENTIFICACION` varchar(20) NOT NULL,
  `NOMBRES` varchar(60) NOT NULL,
  `APELLIDOS` varchar(60) NOT NULL,
  `LOGIN` varchar(20) NOT NULL,
  `CONTRASENA` varchar(250) NOT NULL,
  `REGISTRO` varchar(30) DEFAULT NULL,
  `ACTIVO` int(11) DEFAULT NULL,
  `CARGO` varchar(50) DEFAULT NULL,
  `CELULAR` varchar(10) DEFAULT NULL,
  `TELEFONO` varchar(8) DEFAULT NULL,
  `EXTENSION` varchar(5) DEFAULT NULL,
  PRIMARY KEY (`ID`)
) ENGINE=InnoDB AUTO_INCREMENT=15 DEFAULT CHARSET=utf8;
/*!40101 SET character_set_client = @saved_cs_client */;

--
-- Dumping data for table `usuarios_sistema`
--

LOCK TABLES `usuarios_sistema` WRITE;
/*!40000 ALTER TABLE `usuarios_sistema` DISABLE KEYS */;
INSERT INTO `usuarios_sistema` VALUES (7,'34544841','odontologo','odontologo','odontologo','8d969eef6ecad3c29a3a629280e686cf0c3f5d5a86aff3ca12020c923adc6c92','34544841',1,'ODONTOLOGIA','1','',''),(13,'31948952','Secretaria','secretaria','secretaria','8d969eef6ecad3c29a3a629280e686cf0c3f5d5a86aff3ca12020c923adc6c92','',1,'SECRETARIA','1','',''),(14,'31948934','medico','medico','medico','8d969eef6ecad3c29a3a629280e686cf0c3f5d5a86aff3ca12020c923adc6c92','',1,'MEDICINA GENERAL','1','','');
/*!40000 ALTER TABLE `usuarios_sistema` ENABLE KEYS */;
UNLOCK TABLES;

--
-- Table structure for table `via_administracion_med`
--

DROP TABLE IF EXISTS `via_administracion_med`;
/*!40101 SET @saved_cs_client     = @@character_set_client */;
/*!40101 SET character_set_client = utf8 */;
CREATE TABLE `via_administracion_med` (
  `IDX` int(11) NOT NULL AUTO_INCREMENT,
  `NOMBRE_ADMINIS` varchar(45) DEFAULT NULL,
  PRIMARY KEY (`IDX`),
  UNIQUE KEY `AK_NOMBRE_UNIQUE` (`NOMBRE_ADMINIS`)
) ENGINE=InnoDB DEFAULT CHARSET=utf8;
/*!40101 SET character_set_client = @saved_cs_client */;

--
-- Dumping data for table `via_administracion_med`
--

LOCK TABLES `via_administracion_med` WRITE;
/*!40000 ALTER TABLE `via_administracion_med` DISABLE KEYS */;
/*!40000 ALTER TABLE `via_administracion_med` ENABLE KEYS */;
UNLOCK TABLES;
/*!40103 SET TIME_ZONE=@OLD_TIME_ZONE */;

/*!40101 SET SQL_MODE=@OLD_SQL_MODE */;
/*!40014 SET FOREIGN_KEY_CHECKS=@OLD_FOREIGN_KEY_CHECKS */;
/*!40014 SET UNIQUE_CHECKS=@OLD_UNIQUE_CHECKS */;
/*!40101 SET CHARACTER_SET_CLIENT=@OLD_CHARACTER_SET_CLIENT */;
/*!40101 SET CHARACTER_SET_RESULTS=@OLD_CHARACTER_SET_RESULTS */;
/*!40101 SET COLLATION_CONNECTION=@OLD_COLLATION_CONNECTION */;
/*!40111 SET SQL_NOTES=@OLD_SQL_NOTES */;

-- Dump completed on 2017-05-09 22:06:44
